de	的	of
și	和；也	and
în	在…里	in
din	从…里	from
la	到；在	to, at
care	哪个；那个	which, who
cu	跟…一起	with
se	自己（反身）	oneself
pentru	为了；给	for
să	要（后接动词）	to (subjunctive)
sau	或者	or
pe	在…上	on
al	…的	of (possessive)
nu	不	no, not
un	一个	a, an
o	一个	a (fem.)
este	是	is
mai	更；还	more, still
prin	通过；穿过	through
că	（引导从句）	that
fost	曾经是	been
fi	是	to be
au	他们有	they have
articolul	条款；文章	the article
ale	…的（复数）	of (fem. pl.)
sunt	是（复数）	are
va	会；将要	will
ca	像；作为	as, like
alin	（法条）段	legal paragraph
privind	关于	regarding
lui	他的	his
poate	可能；能	can, maybe
prevăzute	规定的	stipulated
după	…之后	after
vor	会（他们）	they will
ce	什么	what
unei	一个	a (fem.)
cazul	案件；情况	the case
trebuie	得；必须	must
data	日期	date
unui	一个	a (masc.)
am	我有	I have
oficial	官方的	official
monitorul	官方公报	the official gazette
publicată	已公布的	published
dacă	如果	if
alte	别的	other
dar	但是	but
pot	我能	I can
fie	是（虚拟）	be (subjunctive)
face	做	do, make
ar	会（条件）	would
cel	那个	the one
are	有	has
dintre	在…当中	among
conform	按照	according to
iar	而；又	and
românia	罗马尼亚	Romania
toate	所有	all
unor	一些的	some (gen.)
fără	没有	without
acest	这个	this
stat	国家	state
publice	公开的	public
cele	那些	those
asupra	关于；在…之上	on, upon
caz	情况	case
le	她们	them
ani	年（复数）	years
condițiile	条件	the conditions
bucurești	布加勒斯特	Bucharest
ori	次；或者	times, or
lor	他们的	their
potrivit	按照	according to
ai	你有	you have
între	在…之间	between
numai	只；仅	only
baza	基础	basis
parte	部分	part
sub	在…下面	under
această	这个	this
sănătate	健康	health
ei	他们	they
era	曾是	was
zile	天（复数）	days
avea	有	had
româniei	罗马尼亚的	of Romania
mult	很多	much
decât	比	than
două	两个	two
mare	大；海	big, sea
orice	任何	any
acestora	这些的	of these
fiecare	每一个	each
medicale	医疗的	medical
își	自己的	one's own
servicii	服务	services
decembrie	十二月	December
mod	方式	way
el	他	he
termen	期限；术语	term, deadline
ne	我们	us
legea	法律	the law
prevederilor	规定的	of the provisions
când	什么时候	when
guvernului	政府的	of the government
lei	列伊（货币）	lei (currency)
respectiv	分别	respectively
cum	怎么	how
fiind	作为	being
următoarele	以下的	the following
vigoare	生效	force
despre	关于	about
puțin	一点	a little
astfel	这样	thus
legii	法律的	of the law
iulie	七月	July
modificat	修改过的	amended
iunie	六月	June
putea	能够	could
anul	这一年；年份	the year
noi	我们	we
aceasta	这个	this
acestea	这些	these
aceștia	这些	these
eu	我	I
tu	你	you
mă	我	me
te	你	you
îl	他	him
îi	给他们	to them
său	他的	his
sa	她的	her
meu	我的	my
tău	你的	your
nostru	我们的	our
tot	全部；仍然	all, still
toți	所有人	all
alt	另一个	other
unele	一些	some
deci	所以	so
însă	然而	however
totuși	不过	however
doar	只	only
chiar	甚至；真的	even, really
foarte	非常	very
prea	太	too
multe	很多	many
destul	够了	enough
aproape	差不多；近	almost, near
departe	远	far
mereu	总是	always
niciodată	从不	never
uneori	有时	sometimes
adesea	经常	often
apoi	然后	then
încă	还	still
deja	已经	already
abia	刚刚；才	barely, just
printre	在…中间	among
lângă	在…旁边	next to
peste	在…上面；超过	over
contra	反对	against
până	直到	until
înainte	以前；往前	before, ahead
către	朝向	toward
spre	朝向	towards
acesta	这个	this
aceea	那个	that
acela	那个	that
astăzi	今天	today
mâine	明天	tomorrow
ieri	昨天	yesterday
an	年	year
zi	天	day
timp	时间	time
om	人	person
oameni	人们	people
lume	世界	world
loc	地方	place
fel	方式	way, kind
număr	数字	number
nume	名字	name
lucru	事情	thing
lucruri	事情（复数）	things
drept	权利；对的	right
lege	法律	law
guvern	政府	government
țară	国家	country
țara	国家	the country
statul	国家	the state
articol	条款；文章	article
alineat	（法条）段	paragraph
prevedere	规定	provision
inclusiv	包括	including
exclusiv	只；专	exclusively
întrucât	由于	because
deoarece	因为	because
atunci	那时候	then
așa	这样	so, like this
astfel încât	以至于	so that
prin urmare	因此	therefore
de asemenea	也	also
în plus	另外	moreover
cel puțin	至少	at least
cel mult	至多	at most
