de	36897735
și	20832859
în	20287187
al	15837912
fi	13586794
avea	12987838
un	10952544
sine	9922646
din	9835826
la	9725641
care	8213480
cu	7728128
pentru	6532630
să	5872926
el	5356508
sau	5110896
pe	4876463
nu	4673965
mai	3427124
vrea	3137793
prin	2902817
articol	2671251
că	2639266
eu	2530070
putea	2517084
acest	2355620
acesta	2332306
lui	1983033
caz	1828789
alin	1766365
tot	1714027
lege	1704251
ca	1704099
face	1659233
prevedea	1622624
an	1599018
dată	1587527
acela	1555978
alt	1524188
public	1410332
parte	1397131
persoană	1362214
dacă	1309749
ce	1292508
privi	1272306
stat	1267618
după	1259765
oficial	1251968
național	1201550
activitate	1200121
trebui	1199135
publica	1197211
cel	1167659
drept	1155016
românia	1137019
serviciu	1102360
monitor	1093669
mult	1081978
tu	1070610
său	1060023
condiție	1021727
dar	979067
zi	963898
prezent	943735
sănătate	870701
mare	843060
prevedere	842946
autor	839124
bază	835290
autoritate	810514
următor	802391
întru	793685
asigurare	789336
medical	783208
termen	767970
stabili	758008
conform	753593
general	744316
valoare	737427
iar	724162
bun	717163
dintre	714518
sistem	703292
membru	698486
anexă	692918
contract	689103
modifica	677402
respectiv	674303
fiecare	674170
da	662173
fără	658333
situație	655988
hotărâre	654028
consiliu	643935
modificare	643775
unitate	643736
perioadă	637475
meu	630923
când	619858
mod	616588
minister	615975
social	609987
asupra	608174
fiscal	606421
bucurești	602601
între	599363
ordonanță	598990
comisie	597189
potrivit	596189
dispoziție	595010
unul	594518
produs	593509
număr	587930
cerere	583724
sumă	583038
nou	579948
personal	578855
ordin	578066
loc	571791
urgență	567810
numai	561260
măsură	557898
guvern	554070
program	552919
societate	550684
decât	547383
cont	546493
sub	546263
afla	544990
orice	544964
instituție	544112
nivel	541119
plată	532957
lună	531703
punct	531080
român	529889
lua	528913
necesar	528783
domeniu	523776
european	521276
casă	521009
cod	520302
timp	516560
obligație	514278
spune	511907
act	506211
informație	501975
fond	500358
două	500314
procedură	495901
om	490965
ori	485567
ministru	483272
document	482690
același	482666
juridic	481157
cum	478125
președinte	477774
cheltuială	475926
astfel	474783
administrație	474126
efectua	470252
venit	467663
țară	459194
muncă	455982
special	454346
aplicare	453810
aproba	451800
normă	446603
propriu	446459
puțin	441568
lucrare	440442
financiar	438174
aplica	435948
asigura	435237
decembrie	434257
vedea	431655
buget	430254
viață	429572
legal	426681
fapt	425766
control	424526
cât	424088
reprezenta	423342
despre	422042
leu	420934
transport	419479
prezenta	416597
ulterior	415902
titlu	406122
realiza	405480
material	403094
acțiune	403025
evaluare	402225
economic	402064
scop	397501
formă	396619
proiect	392215
medic	392024
urma	390816
vigoare	389638
funcție	389091
local	387909
acord	387334
mediu	384101
pune	382289
decizie	381880
completare	379542
regulament	376614
altul	375931
lucru	375463
dezvoltare	374466
iulie	372779
atât	371294
începe	371018
vedere	370743
iunie	366798
celălalt	359717
cuprinde	358729
acorda	357280
exista	356719
tip	353087
introduce	351435
inclusiv	350532
apă	349323
considera	347804
credit	347322
organ	341764
spre	341332
doar	341092
unde	337622
conținut	332763
chiar	331287
specific	322229
tehnic	321137
utiliza	320510
utilizare	320509
studiu	320117
instanță	319908
județ	317661
lume	316742
acel	316374
familie	316272
curte	315378
calitate	315343
asemenea	314973
protecție	314815
aferent	314309
copie	313269
constitui	313039
ști	312811
mic	311874
capitol	311673
corespunzător	311064
oră	311004
raport	310393
nici	307389
structură	304476
furnizor	303396
medicament	302742
profesional	299361
obiect	298746
ii	298638
rămâne	296748
cuprins	295807
curs	294589
direcție	293799
comercial	290665
bine	289807
scrie	289484
internațional	287108
taxă	286945
specialitate	285601
primi	284755
tratament	284586
foarte	284184
fizic	283635
problemă	282932
total	281996
cercetare	281113
veni	280124
rezultat	279739
nume	276906
piață	276824
cauză	275442
deveni	274100
unic	273681
ține	273445
listă	272425
ianuarie	271935
desfășura	271700
durată	269802
contribuție	269331
proces	268795
apărea	268279
natură	267899
carte	267608
emite	266391
moment	265834
direct	265461
octombrie	264955
iii	264834
folosi	263582
învățământ	261407
organizare	260893
domiciliu	260102
principal	258183
către	257869
relație	257856
încheia	256167
agenție	255537
localitate	254349
certificat	253721
solicita	252520
reglementare	252022
obține	251881
reprezentant	251642
sens	250987
operațiune	250571
plan	249969
pacient	249393
categorie	249177
singur	248946
august	248684
sanitar	247097
executare	246918
însă	246467
proprietate	246440
înregistrare	245889
aduce	245214
interes	244407
intra	244339
martie	244139
înregistra	243510
mijloc	243459
politic	243353
preț	242868
administrare	242819
municipiu	242548
regim	242291
grup	240162
anumit	239799
noiembrie	239353
tău	238860
anual	237503
autorizație	236685
județean	236255
risc	235558
secțiune	235420
fel	234299
îndeplini	234054
centru	233267
copil	232645
stare	232233
activ	230826
atribuție	230751
publicare	230510
sediu	230057
trece	229305
obiectiv	227936
competent	227369
permite	226681
director	226565
limbă	226527
aprobare	226481
competență	225609
limită	225490
element	225394
asistență	224699
duce	224621
realizare	224491
acum	224258
declarație	223440
finanțare	223081
ajunge	222449
apoi	222386
conducere	222349
urmare	222025
referitor	220930
cap	220918
grad	220468
peste	219670
poziție	219658
aparține	218948
depune	218901
prima	217979
transmite	217651
aprilie	217338
important	216603
construcție	216190
menționa	215646
central	215418
teritoriu	213837
teren	213629
beneficiar	213473
funcționare	213215
complet	212669
operator	212658
cameră	212546
intrare	212538
publicație	211975
impozit	210689
trei	209940
penal	209525
răspundere	209400
mg	208741
așa	208276
septembrie	207674
efect	207665
civil	206596
registru	206392
dispune	206015
comun	205786
include	205573
organiza	205535
crede	205408
spital	205342
superior	204764
respectare	204383
organizație	203028
spațiu	202544
sector	201954
ci	201583
părea	201471
întreg	201158
cuvânt	200411
siguranță	199954
excepție	199040
anexa	198617
oraș	197803
animal	196335
investiție	195916
alineat	195784
boală	195723
comunitate	193766
literar	193465
uniune	193310
stabilire	192981
motiv	192862
intern	192726
întocmi	192505
domn	191515
sta	191278
încă	190906
finanțe	190358
împotriva	190052
bancă	189985
câtva	189931
model	189713
obligatoriu	189271
denumire	189217
judecător	189104
naște	188299
militar	188068
arăta	187283
acordare	187275
determina	187231
găsi	186926
urmă	186499
capital	186438
anterior	185763
birou	183975
înscrie	183130
înțelege	182997
evidență	182954
putere	182852
dosar	181971
aici	181514
criteriu	181168
lăsa	180997
februarie	180404
rând	179250
cale	178853
elibera	178545
referință	178501
cere	178479
natural	178436
energie	178034
școală	177835
femeie	177217
susține	177014
încheiere	176963
forță	176934
conține	176407
cultură	176358
atunci	175875
oricare	175607
prezență	175516
dori	175145
text	175095
numi	175051
creștere	174969
cunoaște	174773
copyright	174494
drum	174454
final	174126
probă	172534
uman	171978
produce	171858
procuror	171742
producție	171552
legislație	171494
ediție	170820
analiză	170792
lega	169207
constata	169044
metodologic	168937
primul	168738
depăși	168285
cerință	168173
diferit	168117
efectuare	168029
îndeplinire	167877
obliga	167831
vot	167620
verificare	167477
convenție	167346
completa	166971
exemplu	166922
regulă	166489
plăti	165759
administrativ	165570
metodă	165437
rezulta	165372
șef	165202
conduce	165197
solicitant	164810
clasă	164584
zonă	164046
agent	163733
teritorial	163095
vorbi	163031
post	162959
comunica	162747
educație	162455
cost	162136
comunicare	161884
individual	161453
capacitate	161317
iv	160345
merge	160152
mână	160083
românesc	160011
secție	159869
oferi	159387
până	159359
supraveghere	158904
jos	158502
zice	158374
propunere	158263
străin	158045
sfârșit	157958
vârstă	157133
primire	157047
trimite	156717
răspunde	156692
notă	156400
adopta	156258
beneficia	155871
nevoie	155484
masă	155458
dintru	155144
ridica	155010
liber	154484
ruga	154442
caracter	154199
organism	153487
deține	153382
acces	153209
ordine	153086
identificare	152754
suprafață	152426
desfășurare	151973
adresă	151906
justiție	151858
substanță	151357
declara	151267
participare	151189
fie	151145
actual	150792
cetățean	150785
securitate	150592
instalație	150376
rețea	149930
literă	149405
pagină	149171
recomandare	149115
față	149075
creanță	148489
lung	148312
permanent	148276
întreprindere	148212
participa	147936
ochi	147804
vânzare	147146
apărare	147039
partid	146986
resursă	146657
pregătire	146605
implica	146321
afacere	146054
of	145973
sursă	145820
acolo	145598
extern	145482
ajutor	145198
dispozitiv	145145
institut	145131
oficiu	144946
politică	144694
continuare	144529
scris	144424
istorie	144219
directivă	144167
rol	144056
tarif	143712
război	143363
comerț	143002
poate	142691
existent	142521
posibil	142490
ceva	142411
punere	141887
echipament	141876
doi	141735
sus	141725
simți	141528
înalt	141124
solicitare	140645
adunare	140607
lunar	140077
electric	140074
abroga	139692
prea	139462
garanție	138967
deschide	138959
asigurat	138783
maxim	138764
continua	138128
secretar	137862
standard	137699
primar	137464
ședință	137451
contractant	137421
prezentare	137215
agricol	137158
imobil	137136
propune	136918
schimb	136877
pensie	136769
vamal	136537
vreme	136503
electronic	136289
achiziție	136094
ales	136013
respecta	135675
biserică	135569
identitate	135330
judecătoresc	135274
dobândă	135234
comitet	134826
formare	134759
minim	134664
entitate	134593
privat	134313
gaz	133740
cantitate	133446
sarcină	133433
păstra	133423
clinic	133029
volum	132923
forma	132888
tânăr	132860
bugetar	132078
uita	131673
dovadă	131523
idee	131500
elabora	131392
cultural	131142
vreun	131085
deși	131027
plus	130910
management	130890
eveniment	130860
diferență	130839
promovare	130415
instrument	130280
normativ	130221
încerca	130201
statut	130141
nimic	130090
printru	129888
judecată	129602
pierdere	129512
salariu	129103
aviz	128714
concurs	128221
reveni	128217
semna	128053
început	128025
examen	127669
soluție	126721
responsabilitate	126713
științific	126693
părinte	126666
elev	126607
vechi	126445
ion	126336
sat	126314
populație	126171
supune	125991
exercitare	125833
inițial	125643
autorizat	125338
the	125204
autorizare	125145
producător	124884
locuință	124750
săptămână	124743
oară	124547
asociație	124545
integral	124505
marfă	124198
titular	123838
simplu	123709
parțial	123600
impune	123512
revistă	122994
vehicul	122868
implementare	122805
libertate	122659
schimbare	122524
însemna	122452
economie	122291
totuși	122289
exercita	122167
curent	121742
aspect	121532
calcul	121491
exclusiv	121176
existență	120996
fiu	120839
destinat	120831
definitiv	120761
însoți	120600
didactic	120591
candidat	120432
pleca	120359
trăi	119752
acționar	119664
scurt	119627
mamă	119491
aplicabil	119048
colegiu	118740
intervenție	118421
constituție	118151
alegere	118089
apel	117809
rezervă	117455
princip	117440
serie	117307
aparat	117188
seamă	117182
parlament	117076
posibilitate	116974
alege	116944
infracțiune	116737
moarte	116726
profesor	116366
film	116287
școlar	116009
corp	115991
menționat	115740
electoral	115580
artă	115380
constituțional	115305
opinie	115196
linie	114938
exprima	114915
inspecție	114828
autoriza	114731
baza	114674
doua	114580
clădire	114258
vorbă	114243
origine	113966
trimitere	113803
funcționa	113576
coloană	113527
desemna	113444
eliberare	113296
consum	113078
furnizare	113031
târziu	112778
secol	112707
urmări	112660
adevărat	112658
soluționare	112575
istoric	112213
exemplar	112183
ban	111890
imagine	111846
transfer	111689
similar	111473
cunoștință	110664
materie	110339
dumnezeu	110253
indicator	110233
imediat	110185
aproape	109903
greu	109772
doză	109641
funcționar	109544
suplimentar	109434
comentariu	109422
licență	109340
furniza	109295
ofertă	109148
sesizare	109040
operă	109021
formular	108881
altfel	108780
calcula	108748
comună	108715
poezie	108552
agricultură	108534
lucrător	108276
mașină	107975
comunitar	107884
aștepta	107818
conducător	107778
mișcare	107560
debitor	107125
republicat	107074
destinație	106972
informa	106925
practică	106916
întreba	106870
ușor	106652
purta	106592
recunoaște	106359
veterinar	106299
contribuabil	106032
exercițiu	106024
suflet	105857
judiciar	105769
indica	105750
legătură	105720
proprietar	105548
lumină	105407
printre	105267
citi	105182
pământ	104906
urmărire	104900
exploatare	104865
viitor	104796
companie	104722
răspuns	104610
raportare	104606
crește	104494
semnătură	104123
iași	103877
defini	103782
factor	103754
împrumut	103748
egal	103739
com	103664
impozabil	103459
semnala	103411
navă	103209
temei	103204
administrator	102952
reducere	102655
crea	102444
personalitate	102254
literatură	102115
circulație	101938
monitorizare	101926
ieși	101904
deja	101767
vii	101656
execuție	101569
efectiv	101195
euro	100909
real	100859
gândi	100819
terț	100732
datorie	100605
înlocui	100602
documentație	100600
contabil	100587
profit	100497
însuși	100466
rată	100274
adăuga	99694
zona	99498
major	99422
profil	99421
protocol	99300
laborator	98734
subiect	98651
editorial	98547
joc	98537
depunere	98364
normal	98362
proveni	98200
nicolae	98126
auzi	98034
pădure	97803
verifica	97772
situa	97681
bolnav	97640
cee	97625
tată	97441
maximum	97128
deoarece	97051
ocupa	96917
executa	96824
pierde	96738
grupă	96052
realitate	95749
constatare	95698
întoarce	95372
rău	95366
experiență	95200
frumos	95179
indiferent	95107
încetare	94997
modalitate	94948
roman	94839
cine	94766
suspenda	94703
reuși	94687
gheorghe	94683
regional	94562
contestație	94529
mandat	94464
semn	94463
majoritate	94279
george	94097
client	93868
sfânt	93859
adevăr	93750
retrage	93726
disponibil	93676
accepta	93384
înscriere	93279
precum	93092
întrucât	92831
elaborare	92789
import	92761
datora	92707
obținere	92617
sancțiune	92588
prevăzut	92425
scoate	92345
lucra	92319
bărbat	92175
responsabil	92067
contractual	91998
promova	91909
ioan	91801
and	91722
noapte	91632
suspendare	91478
poliție	91460
referi	91448
notificare	91191
pedeapsă	90746
rutier	90708
temporar	90555
sprijin	90519
compartiment	90361
cabinet	90022
deputat	90006
întreținere	90000
original	89633
creație	89533
popor	89289
tratat	88957
următoarea	88956
alb	88878
decontare	88731
câte	88417
lipsă	88316
patru	88302
mihai	88295
reacție	88040
in	88010
plin	87877
ml	87863
medicină	87748
livrare	87740
gmail	87633
tabel	87588
independent	87454
raporta	87415
schimba	87398
confluență	87343
știință	87301
străinătate	87078
gând	86858
europa	86738
întâmpla	86577
scrisoare	86512
editură	86444
adică	86292
ultimul	86109
profesie	85806
republică	85802
principiu	85774
întrebare	85315
scriitor	85260
universitate	85226
apariție	85218
echivalent	85148
universitar	85131
puternic	85113
strategie	85022
pronunța	84735
observa	84734
consecință	84706
căuta	84405
tribunal	84247
germania	83996
test	83777
ultima	83678
eliminare	83457
afecta	83407
distribuție	83374
niște	83351
picior	83269
fix	83207
recuperare	83043
vi	82986
caracteristică	82973
mulțumi	82954
îngrijire	82826
prescripție	82816
reglementa	82774
sintagmă	82615
etapă	82522
sportiv	82392
coordonare	82302
niciodată	82278
avocat	82236
parchet	82165
specialist	82094
nerespectare	81931
preciza	81879
creditor	81623
automat	81611
valabil	81373
prevenire	81340
fiică	81154
prelua	81139
regiune	81081
cotă	80978
înainte	80942
înlocuire	80931
asociat	80922
administra	80867
industrie	80860
privind	80778
colectiv	80708
factură	80652
valabilitate	80562
acoperi	80509
scriere	80441
informare	80376
indemnizație	80322
trecere	80147
jumătate	80143
echipă	79940
tehnică	79768
rural	79706
calendaristic	79659
încadra	79521
decide	79254
transmitere	78971
patrimoniu	78949
paragraf	78702
ajuta	78566
culoare	78128
suporta	78018
doilea	77791
utilizator	77689
prestare	77579
participant	77447
dovedi	77329
corespondență	77317
țel	77266
încălca	77172
atenție	77093
astăzi	77011
divers	76845
finanța	76785
performanță	76699
deci	76685
sită	76590
aliment	76537
luptă	76199
denumi	76188
datorită	76119
clar	76069
poet	76062
fost	76010
opri	75921
reduce	75839
evoluție	75762
amendă	75659
stradă	75643
medie	75455
aer	75421
consumator	75380
construi	75326
identifica	75298
metodologie	75294
telefon	75290
expert	75255
nimeni	75170
specie	74831
lipsi	74811
timișoara	74738
muri	74681
producere	74633
interior	74608
analiza	74587
doamnă	74342
milioane	74203
misiune	74167
distribuire	74112
determinare	74089
semnificativ	74027
prieten	73755
inspectorat	73660
cadru	73660
cooperare	73564
fată	73470
inimă	73271
kg	73082
reține	73068
încercare	73040
examinare	72885
american	72780
anticipat	72755
iubire	72687
salariat	72678
formula	72593
folosire	72460
concluzie	72407
anume	72399
membră	72323
mențiune	72307
emitere	72299
încât	72114
net	72060
suficient	72017
angaja	71832
înceta	71829
depozit	71784
integrantă	71755
corect	71742
trecut	71730
sală	71718
rază	71694
atrage	71664
considerare	71406
grav	71359
naștere	71282
abrogat	71202
asistent	71160
angajat	71130
negru	71083
piesă	71073
licitație	71044
datorat	70931
înființa	70701
înțelegere	70679
diagnostic	70593
căci	70541
mondial	70375
bancar	70354
derulare	70304
interveni	70097
recomanda	70062
întâlni	69926
constantin	69892
consta	69856
spirit	69828
precedent	69825
colaborare	69758
anunța	69757
armată	69684
cădea	69651
descriere	69624
deținător	69508
maria	69506
evident	69435
acordat	69321
dimensiune	69317
constituire	69247
deșeu	68912
încadrare	68833
soț	68805
accident	68792
expirare	68700
inspector	68435
înființare	68207
plantă	68175
francez	68141
menține	68040
aminti	67902
audit	67882
probabil	67804
descrie	67709
instrucțiune	67689
periodic	67592
conflict	67589
controla	67583
tehnologie	67524
necesitate	67454
tva	67384
prealabil	67312
introducere	67288
autovehicul	67157
întregime	67134
german	67126
departe	67041
disciplină	67009
cer	66931
complex	66874
infrastructură	66848
contesta	66772
interval	66764
vasile	66631
acciză	66588
prenume	66519
angajator	66445
acasă	66254
armă	66242
hotărî	66141
sport	66080
greutate	66077
industrial	66022
investigație	65774
admite	65744
justificat	65575
relevant	65573
export	65554
practic	65515
presupune	65320
supus	65100
îmbunătățire	65100
învăța	65053
sânge	64888
mii	64871
încălcare	64738
jurnal	64593
personaj	64537
cuantum	64481
teatru	64479
rege	64476
trezorerie	64414
tocmai	64385
cinci	64321
acționa	64259
ocazie	64252
minor	64250
închisoare	64244
pas	64194
cunoaștere	64125
expresie	64099
context	63999
bilet	63989
uneori	63987
roșu	63972
critic	63924
descoperi	63812
continuu	63787
distanță	63760
minte	63697
ajustare	63653
primele	63646
ocupație	63608
teorie	63583
ușă	63492
presiune	63452
regie	63429
senat	63407
trage	63383
firmă	63237
poveste	63236
etnic	63175
contravenție	63045
potențial	62999
distinct	62978
catalog	62867
trata	62767
angajament	62607
atinge	62532
frontieră	62430
prelucrare	62380
secret	62351
aprecia	62349
sigur	62309
publicitate	62001
discuție	61986
mereu	61890
fondator	61860
susținere	61764
adecvat	61723
muzică	61721
schemă	61708
modern	61697
evalua	61654
așeza	61576
funciar	61416
activa	61391
popular	61389
celulă	61345
ansamblu	61344
dumneavoastră	61344
explica	61316
calificare	61272
gestionare	61225
turism	61136
religios	61129
dezvolta	61113
perspectivă	61060
mircea	60999
interzice	60993
fundamental	60892
jo	60794
asociere	60774
larg	60762
student	60674
atac	60671
fenomen	60504
pregăti	60415
juca	60301
specifica	60294
deschidere	60231
comunist	60170
porni	60114
vinde	60096
stație	60059
ocupare	60052
minut	60014
viza	59989
restituire	59935
ambulatoriu	59935
luare	59927
afecțiune	59821
mobil	59710
alexandru	59662
presă	59610
fază	59564
plăcea	59357
temă	59348
frate	59334
paris	59247
refuza	59220
executiv	59114
întârziere	59015
atesta	58988
efort	58867
subordine	58781
cineva	58751
comportament	58709
tranzacție	58692
soție	58674
contact	58655
tineret	58477
premiu	58471
lemn	58433
cult	58418
floare	58415
privire	58313
eficient	58297
respinge	58257
eventual	58240
abonare	58237
înaintea	58092
durere	58021
despăgubire	58013
neapărat	57906
sămânță	57828
hârtie	57824
termic	57775
iubi	57731
azi	57709
confirma	57663
suport	57583
remediere	57550
marca	57486
clipă	57477
negativ	57451
soare	57342
munte	57328
departament	57303
menținere	57297
exterior	57290
franța	57272
interesat	57256
zilnic	57227
sol	57158
rapid	57157
rambursare	57149
nota	57107
interpretare	57022
nominal	56966
ștefan	56945
împărtăși	56878
călătorie	56875
deosebit	56816
obicei	56801
succes	56800
energetic	56751
confluentă	56714
frecvent	56668
informatic	56554
coordona	56503
cunoscut	56438
individ	56436
recunoaștere	56324
pat	56242
începere	56224
contabilitate	56213
retragere	56189
conformitate	56176
tel	56167
comenta	56160
secundar	56149
carne	56083
corespunde	56051
gură	56008
lângă	55919
esențial	55853
componentă	55848
facultate	55811
înscris	55745
soluționa	55724
gratuit	55665
numeros	55640
ue	55605
înainta	55485
aproximativ	55467
anulare	55442
fișă	55365
atribuire	55359
deschis	55307
chimic	55287
atingere	55243
valorificare	55230
alimentar	55128
dobândi	55084
vis	55064
temperatură	55052
ființă	55049
adresa	54999
moral	54976
separat	54947
aprobat	54930
credință	54923
magistratură	54922
afirma	54891
figură	54859
paraclinic	54789
dragoste	54723
scutire	54686
acid	54473
partener	54387
importanță	54383
procent	54365
gen	54304
contravaloare	54299
comunicație	54296
autonom	54285
scenă	54284
octavian	54282
spectacol	54214
prinde	54197
aerian	54179
foc	54112
clauză	54078
mecanism	54000
închide	53990
asumare	53921
eligibil	53882
pur	53838
absolut	53837
întâi	53724
pericol	53676
expunere	53670
suferi	53650
valoros	53637
influență	53621
limita	53572
dotare	53467
gestiune	53453
întâlnire	53372
publicat	53202
des	53195
minimum	53191
genera	53076
clasificare	53062
viii	53042
lupu	53036
operațional	53028
grijă	52990
brut	52950
contribui	52848
particular	52838
câștiga	52764
ordonator	52757
trimestru	52694
opțiune	52691
pachet	52662
rezervat	52608
apartament	52559
trafic	52542
stabilit	52532
impact	52518
traian	52466
piatră	52460
transforma	52436
câmp	52362
eficiență	52302
internă	52298
trimestrial	52247
proceda	52207
aur	52202
abia	52177
certificare	52123
secretariat	52114
tulburare	52052
et	51995
contrasemna	51918
format	51812
atitudine	51789
bilanț	51788
faptă	51784
parlamentar	51740
garanta	51708
întocmire	51676
intelectual	51629
corporal	51612
concentrație	51550
facebook	51499
creștin	51464
numit	51392
ofițer	51331
stil	51303
demonstra	51280
negociere	51258
rocă	51187
cadră	51181
asculta	51168
concurență	51117
ambele	51094
artistic	51069
sentiment	50920
arunca	50818
ambalaj	50802
asocia	50721
primă	50712
amenajare	50662
definiție	50660
petrece	50638
bucura	50616
tren	50605
bibliografic	50570
filială	50550
voce	50540
locuitor	50437
debit	50370
reprezentare	50366
rest	50334
exact	50318
ieșire	50215
terapie	50209
mesaj	50197
criză	50149
fabricare	50021
justificativ	49964
braț	49941
intenție	49931
scădea	49907
dorință	49885
valută	49846
apropia	49840
vechime	49778
întotdeauna	49750
pozitiv	49709
închiriere	49656
adult	49630
reședință	49560
terapeutic	49538
bătrân	49521
acoperire	49465
bate	49405
moldova	49388
inculpat	49369
locui	49272
artist	49259
issn	49154
referire	49115
contrar	49106
cifră	48927
casație	48920
beneficiu	48882
google	48826
liceu	48823
km	48820
pseudonim	48794
periculos	48792
băsescu	48760
testare	48633
concept	48626
emisiune	48625
inactiv	48541
consemna	48538
recurs	48439
tehnologic	48422
comercializare	48369
talentat	48311
formulă	48292
totodată	48275
depozitare	48095
manifestare	48068
vicepreședinte	48056
încasa	48049
verde	48007
preda	47859
vers	47660
pasăre	47645
piele	47641
evreu	47639
diferi	47608
imobilizare	47578
aloca	47524
arhivă	47422
atribui	47391
ștergere	47353
sprijini	47281
critică	47274
efectuat	47159
cumpăra	47158
parcă	47100
dezbatere	47059
garantare	47016
funcțional	47016
comandă	46859
împiedica	46853
rar	46816
motor	46702
chema	46689
memorie	46654
stea	46640
notifica	46568
seară	46529
semnificație	46491
necesita	46478
silit	46473
selecție	46446
flux	46406
detaliu	46389
emitent	46371
vin	46346
justifica	46268
măsurare	46256
handicap	46236
transfera	46220
reformă	46205
termina	46188
trup	46167
instruire	46145
preventiv	46080
rasial	46008
prioritate	45904
observație	45870
farmacist	45778
conferință	45743
provoca	45692
deconta	45645
postare	45639
inventar	45600
fruct	45594
eroare	45589
tare	45481
frecvență	45478
păstrare	45461
cam	45397
admitere	45393
concediu	45365
interesa	45364
nord	45251
gol	45209
fiindcă	45153
realizat	45146
disciplinar	45129
epocă	45091
sesiza	45033
consultat	44911
deplasare	44909
avans	44898
perete	44896
scădere	44883
numire	44873
îndrăgit	44864
lider	44847
părăsi	44770
intermediar	44749
viteză	44734
tradiție	44717
folosință	44673
compune	44666
lapte	44656
mp	44635
uz	44617
construire	44615
legislativ	44592
fax	44588
invoca	44506
iată	44479
asuma	44466
pescuit	44360
inginer	44269
săvârși	44268
fixa	44241
inițiativă	44240
cronic	44222
pace	44207
păcat	44157
evidenția	44090
asimilat	44086
manual	44053
zbor	44046
confluent	44044
brașov	43951
pinterest	43946
dentist	43918
circumscripție	43910
judecătorie	43910
alcătui	43894
compensare	43694
limbaj	43649
port	43618
reparație	43596
prim	43519
chip	43518
contorizat	43492
ziar	43491
linkedin	43465
încasare	43445
disqus	43445
gândire	43400
stoc	43394
mecanic	43363
examina	43315
dan	43241
campanie	43230
specializat	43228
expertiză	43218
farmacie	43125
subvenție	43097
majorare	43035
operație	42991
utilizat	42982
cânta	42982
vară	42930
achita	42877
închidere	42849
proiectare	42816
contra	42809
derula	42765
centrală	42690
vizită	42676
transformare	42675
poem	42653
discurs	42636
românie	42591
mobiliar	42578
plătitor	42562
respingere	42548
manifesta	42479
mm	42477
stagiu	42460
repede	42418
împrejurare	42361
traducere	42315
națiune	42307
lichidare	42282
încredere	42208
aderare	42188
șansă	42152
adăugat	42131
litigiu	42079
est	42052
monedă	42047
recent	42033
creare	41963
manager	41948
dat	41906
șase	41885
statistic	41846
radu	41834
marcă	41779
evita	41753
aviza	41670
finalizare	41662
ascunde	41654
adrian	41634
internet	41628
afară	41592
predare	41550
revoluție	41528
cluj	41522
conștiință	41467
renunța	41383
integrare	41309
lungime	41198
presta	41081
sovietic	41062
bibliotecă	41038
martor	41010
consultare	40990
perfecționare	40951
indicație	40938
consilier	40917
biologic	40912
victor	40909
rezolva	40865
advers	40849
nuclear	40849
diplomă	40814
adoptare	40782
televiziune	40771
îndrepta	40739
absență	40683
privatizare	40672
infecție	40663
scară	40643
băiat	40582
conservare	40473
variantă	40463
pedepsi	40415
actor	40412
servi	40374
consultație	40355
judeca	40355
achiziționa	40344
eminescu	40340
coleg	40328
colectare	40285
scăpa	40279
notar	40242
sucursală	40220
rece	40196
insulină	40180
util	40171
deplin	40158
împreună	40107
buletin	40098
cercetător	40074
amintire	40046
ciclu	40020
impunere	40019
sancționa	40012
restitui	40011
generație	39946
inferior	39931
radio	39919
alcool	39913
universal	39849
nerambursabil	39847
solicitat	39816
margine	39792
șomaj	39717
înțeles	39695
global	39616
victimă	39590
rus	39578
sibiu	39506
plângere	39485
preot	39450
iniția	39360
unitar	39359
confirmare	39322
sticlă	39312
poștal	39288
permis	39248
conveni	39228
teoretic	39210
combatere	39201
dublu	39160
utilaj	39144
acut	39131
funcțiune	39108
fals	39074
abordare	39067
discuta	39027
poartă	39004
rusia	38990
club	38967
strânge	38959
auditor	38952
spate	38928
lot	38910
ataca	38892
adesea	38887
lansa	38861
bloc	38858
tradițional	38848
dispărea	38841
oral	38797
arie	38783
bucurie	38759
religie	38679
rezistență	38661
rubrică	38647
metal	38639
extraordinar	38617
provizoriu	38595
reabilitare	38539
refuz	38523
dificultate	38511
univers	38478
tensiune	38476
ferată	38441
sud	38392
criticat	38380
auto	38377
lichid	38307
curând	38306
institui	38304
utilitate	38281
preparat	38249
decret	38208
imobiliar	38176
albastru	38168
cititor	38114
alianță	38098
doctor	38092
împărți	38076
spitalizare	38041
atestare	38022
înmatriculare	38022
italia	38015
obișnuit	37994
practica	37985
mort	37950
învățare	37942
combustibil	37942
plecare	37928
comandant	37912
trupă	37874
spiritual	37869
invita	37863
primărie	37855
feroviar	37849
concret	37817
ridicat	37753
plânge	37689
ghid	37603
socialist	37599
mânca	37594
profund	37594
instituire	37592
incidență	37523
aeronavă	37480
influența	37479
repartizare	37478
acasa	37459
anunț	37452
elimina	37452
emisie	37445
întinde	37415
conferi	37363
exploatație	37351
diplomatic	37320
adjunct	37317
deces	37242
muzeu	37196
proză	37194
polițist	37191
clasic	37189
râu	37156
vânt	37142
soi	37117
favorabil	37007
sferă	36998
reciproc	36971
exclude	36822
semnare	36777
privitor	36750
așadar	36748
renal	36737
relativ	36665
regăsi	36620
carieră	36572
comision	36518
anchetă	36502
ulei	36359
aduna	36334
colabora	36278
incendiu	36216
sever	36195
păr	36191
coordonator	36172
studia	36169
deținere	36065
voi	36062
pește	36044
capăt	36032
cald	36006
specializare	35996
deducere	35985
rezolvare	35916
reținere	35855
adițional	35854
imperiu	35851
treia	35776
cal	35750
zece	35727
contemporan	35725
indirect	35719
to	35687
actualiza	35662
modernizare	35650
vale	35605
preluare	35532
timiș	35500
cumpărare	35489
prestație	35485
căutare	35463
voință	35446
coborî	35430
executor	35421
component	35390
căsătorie	35329
adânc	35307
plastic	35306
auxiliar	35277
parc	35264
viu	35261
speranță	35226
card	35213
vârf	35160
muzical	35156
deasupra	35060
constant	35008
dialog	34976
austria	34976
percepe	34961
trezi	34947
certifica	34939
forestier	34936
îndată	34913
salarizare	34895
monument	34881
apropiere	34879
subordonat	34878
strict	34873
proteja	34858
penitenciar	34800
punctaj	34798
acreditare	34785
teză	34773
sold	34725
reglementat	34713
urca	34706
prejudiciu	34697
proporțional	34686
concordanță	34650
desigur	34628
valutar	34608
slab	34601
umbră	34600
extindere	34597
băutură	34591
împărat	34494
tendință	34477
organizatoric	34452
abatere	34442
ultimele	34391
părere	34383
orientare	34327
frunză	34304
vas	34288
acceptare	34285
scaun	34167
amestec	34154
silvic	34140
simbol	34100
expres	34072
iarnă	34054
cântec	34022
viziune	34014
dumitru	34013
cenzor	33985
col	33982
țesut	33972
prelungi	33967
capitală	33928
interviu	33917
reflecta	33892
dimineață	33880
scuti	33872
contracta	33860
reorganizare	33858
noroc	33837
sex	33777
echilibru	33754
fabricație	33751
independență	33746
putin	33746
chișinău	33669
voluntar	33666
distrugere	33610
bogat	33608
fundație	33503
www	33442
bursă	33421
investitor	33419
vol	33415
ha	33387
ștampilă	33372
for	33367
delega	33283
înregistrat	33223
cazare	33130
avantaj	33127
bea	33112
ix	33067
cerc	33058
totalitate	33048
mănăstire	32990
psihologic	32978
regat	32926
chestiune	32915
odată	32836
statistică	32829
facilitate	32795
elena	32790
convinge	32721
farmaceutic	32702
ultimii	32702
mineral	32698
revizuire	32697
recepție	32664
unit	32652
tablou	32651
depinde	32644
salarial	32640
oare	32639
andrei	32637
prelungire	32628
drag	32602
recupera	32543
componență	32508
ortodox	32500
preuniversitar	32480
familial	32442
opera	32439
perfect	32419
circuit	32302
gest	32253
împrumutat	32250
noțiune	32229
cumpărător	32211
dolar	32200
petru	32181
câștig	32178
contencios	32166
toamnă	32149
accizabil	32057
progres	32027
parametru	32022
parteneriat	31999
dunăre	31977
paul	31974
numeric	31961
ba	31952
vizibil	31919
sua	31871
bandă	31862
metru	31834
angajare	31823
avizare	31808
bucată	31759
alimentație	31755
povesti	31743
cooperativă	31735
arad	31728
anula	31727
egalitate	31709
deloc	31679
palat	31667
englez	31641
muncitor	31635
stadiu	31625
primei	31574
dreptate	31547
primit	31538
absolvent	31517
contractare	31431
academie	31419
alimentare	31405
suna	31403
timbru	31383
structural	31348
deget	31320
spera	31262
urban	31168
tăia	31158
moldovean	31156
serios	31141
transporta	31139
decurge	31092
reparare	31085
compoziție	31078
obținut	31065
simptom	31043
antrepozit	31023
proaspăt	31021
liberal	31006
competiție	30998
excepțional	30987
implicat	30984
minoritate	30969
uscat	30968
ofertant	30950
mureș	30934
psihic	30924
delegat	30919
planificare	30919
executoriu	30894
distruge	30881
caracteriza	30867
sărbătoare	30853
font	30824
desemnat	30816
explicație	30804
expoziție	30743
repartiza	30726
argument	30725
alte	30716
violență	30709
întrerupere	30691
achiziționare	30689
insulă	30683
apropiat	30668
popescu	30650
capabil	30626
vest	30596
înălțime	30583
magazin	30515
soldat	30501
revocare	30476
apăra	30454
festival	30445
repeta	30430
lupta	30412
săvârșire	30410
altceva	30375
set	30374
specializa	30355
emil	30314
precizare	30301
colecție	30280
proporție	30245
grădină	30168
cauza	30146
destina	30137
râde	30120
insuficiență	30114
mijlociu	30096
validare	30056
selecta	30049
întruni	30046
striga	30032
pază	30032
suferință	29990
fereastră	29981
traseu	29961
plăcere	29904
derogare	29815
amortizare	29812
erou	29804
accesoriu	29803
câine	29773
destin	29767
tragere	29735
grafic	29733
muta	29666
deținut	29662
or	29652
cancer	29645
cetate	29628
redus	29589
demers	29583
votare	29581
actualizare	29579
interpreta	29566
pasiv	29562
mărime	29556
încălzire	29517
împlini	29503
sugera	29483
cita	29483
educațional	29457
dans	29434
primăvară	29416
fine	29405
omologare	29391
intracomunitar	29389
contractantă	29376
transplant	29374
împuternicit	29370
multiplu	29351
dor	29334
afișa	29324
coeficient	29308
cutie	29283
opta	29274
disponibilitate	29263
treabă	29253
aplicație	29225
împlinire	29221
bord	29207
finanțator	29200
operare	29194
apreciere	29181
maritim	29171
arestare	29136
turistic	29116
curge	29116
sesiune	29104
întrerupe	29095
vacant	29093
prag	29077
fotografie	29053
condamna	29013
strategic	29010
stimulare	28995
plafon	28988
lovi	28988
organic	28922
zahăr	28916
călător	28905
asista	28905
sexual	28882
constitutiv	28862
vecin	28853
interdicție	28845
consiliere	28836
lac	28827
asigurător	28790
șapte	28731
sublinia	28684
adaptare	28682
beneficiară	28663
închis	28652
autentic	28648
lacrimă	28644
inițiere	28578
dentar	28573
genetic	28567
canal	28567
pod	28483
soră	28435
ou	28421
așteptare	28389
procedeu	28356
fericire	28356
înapoi	28344
atare	28331
interesant	28267
gata	28231
album	28230
monitoriza	28206
combinație	28176
treaptă	28156
degrabă	28156
esență	28100
restricție	28097
guvernamental	28096
remarca	28020
extinde	28010
fir	27995
gardă	27976
expune	27952
relua	27952
îmbrăca	27934
ploaie	27926
prost	27872
cruce	27870
tonă	27862
consolidat	27859
creator	27856
atent	27844
ana	27822
florin	27811
tăcere	27785
diminuare	27737
internare	27736
umăr	27708
declarare	27665
italian	27656
deceniu	27619
deficiență	27594
amănunt	27567
prezentat	27490
avere	27461
opoziție	27448
considerat	27436
semnal	27430
prefera	27401
plasa	27383
reclamant	27360
frunte	27355
componente	27354
desemnare	27319
mihail	27307
consolidare	27294
srl	27290
concesiune	27286
teamă	27274
leasing	27264
petre	27263
hristos	27253
consular	27251
prestator	27199
liniște	27198
foaie	27193
limitare	27185
pașaport	27150
val	27149
ridicare	27147
colț	27145
asemănător	27144
patrimonial	27094
concomitent	27082
geografic	27056
mal	27049
greșeală	27044
afișare	27021
diabet	26985
scoatere	26971
mixt	26962
solidaritate	26959
tehnician	26949
apuca	26940
ibidem	26918
organizat	26872
ideal	26866
duminică	26855
lectură	26840
alocare	26796
declarat	26796
concepție	26777
dificil	26775
haină	26775
senator	26756
ungaria	26730
transilvania	26720
hrană	26716
integra	26706
provizion	26689
avion	26679
diminua	26658
conex	26658
fabrică	26652
constanța	26645
fier	26640
determinat	26609
federație	26597
treilea	26589
gestiona	26573
tratare	26565
verbal	26481
demnitate	26434
galați	26431
ritm	26423
încet	26412
atestat	26412
profesionist	26329
onoare	26328
di	26326
aplicat	26318
mulțime	26281
consultanță	26273
întâmplare	26268
cetățenie	26268
contractat	26259
rom	26251
estima	26242
fugi	26219
cuvenit	26216
reevaluare	26212
suceava	26206
spor	26198
democrație	26169
atmosferă	26130
tranzit	26078
sunet	26069
parcurs	26065
țintă	26029
supraveghea	26024
penalitate	26015
folosit	25991
eugen	25981
integritate	25980
comparativ	25955
numerar	25938
complementar	25938
daună	25925
prescrie	25906
număra	25873
gospodărie	25855
dura	25848
prefect	25843
indice	25839
frică	25822
cm	25816
instituțional	25799
hepatic	25783
copilărie	25779
gospodărire	25768
sindrom	25753
oricum	25725
ro	25724
arde	25719
pagubă	25717
rudă	25714
sare	25708
ucide	25688
britanic	25686
propus	25656
amtsgericht	25647
premier	25610
deficit	25601
clasifica	25598
victorie	25564
îndoială	25553
neam	25548
chirurgical	25546
destinatar	25540
ac	25533
vamă	25518
povestire	25486
precis	25473
sinteză	25441
fericit	25380
episod	25369
concert	25357
căldură	25316
impresie	25309
interzicere	25299
cheie	25291
suprem	25288
ipoteză	25228
încăpere	25208
condamnat	25195
zid	25163
en	25152
ecologic	25141
voie	25132
spitalicesc	25112
rang	25103
craiova	25077
piept	25059
america	25054
vânătoare	25044
incident	25016
argint	25011
vota	25008
citare	25005
desen	24993
glas	24972
ureche	24960
confidențialitate	24941
pictură	24932
hotel	24907
frumusețe	24856
instalare	24815
obligațiune	24800
salvare	24799
prilej	24797
reprezentativ	24788
protejare	24777
lecție	24766
imposibil	24758
rezonabil	24749
cuveni	24749
prospect	24743
modificat	24741
ședere	24729
congres	24729
analitic	24727
comunicat	24716
reziduu	24709
strat	24707
distribui	24704
limitat	24689
merit	24661
evacuare	24659
dormi	24653
pătrunde	24627
eligibilitate	24619
opune	24613
firesc	24612
măsura	24593
per	24590
carol	24577
dobândire	24540
tudor	24531
divin	24528
filosofie	24494
stinge	24494
rupe	24489
absolvire	24479
concepe	24473
îndeplinit	24446
fire	24446
motivat	24441
ex	24409
pondere	24403
israel	24374
importator	24367
amplasament	24341
poștă	24320
cardiac	24306
vârstnic	24284
fuziune	24247
manieră	24241
sări	24215
rezoluție	24196
alocat	24189
miliarde	24162
întreprinde	24117
plătit	24091
vira	24081
unire	24072
brevet	24071
dulce	24068
nouă	24050
jur	24048
decont	24046
ionescu	24038
trăsătură	24036
spania	24021
versiune	24018
desființare	24017
fibră	24008
operativ	23989
convocare	23976
catedră	23975
zâmbi	23974
daniel	23923
instala	23914
descoperire	23908
evitare	23904
ceas	23895
alternativ	23895
formație	23888
etichetă	23886
eficacitate	23868
poluare	23867
faliment	23830
finaliza	23814
cnas	23807
deal	23806
țăran	23794
estimat	23757
achitare	23712
depreciere	23699
stingere	23684
baie	23670
circumstanță	23647
nulitate	23629
iisus	23628
adapta	23566
echipaj	23564
zeu	23541
estimare	23537
sănătos	23529
prelevare	23510
măcar	23501
celebru	23497
izvor	23467
sâmbătă	23457
umple	23424
vegetal	23405
cadastru	23382
maghiar	23365
prescriere	23361
terminare	23349
clasament	23315
aeroport	23306
sărac	23297
zgomot	23288
sosi	23283
livra	23282
preliminar	23282
gât	23246
grec	23245
arbitraj	23238
calificat	23213
cristian	23208
bruxelles	23203
sălbatic	23189
oglindă	23186
scadență	23170
platformă	23169
emoție	23152
stabilitate	23134
insolvență	23131
uni	23110
sectorial	23094
on	23086
tutun	23041
bacău	23033
curat	23023
footnotă	23010
organizator	22993
cantitativ	22979
moștenitor	22966
implementa	22957
amendament	22955
abilitate	22936
consuma	22931
brusc	22908
ton	22896
depășire	22881
londra	22854
mâncare	22850
formulare	22825
senzație	22824
atelier	22806
galben	22769
amplasa	22758
întemeia	22708
occidental	22707
vineri	22660
pildă	22630
marcaj	22624
intenționa	22613
durabil	22606
conștient	22597
separa	22576
circula	22549
rămas	22527
solid	22520
democratic	22499
guvernare	22452
neîndeplinire	22438
bănesc	22434
urbanism	22425
condamnare	22394
încheiat	22389
vizita	22358
convoca	22344
rezident	22341
primului	22333
judecare	22333
dizolvare	22327
consecutiv	22318
fragment	22288
opt	22246
legumă	22242
corupție	22241
ciudat	22239
viză	22232
preocupare	22227
odihnă	22222
locație	22209
graniță	22206
surprinde	22206
caiet	22203
extras	22195
salva	22183
merita	22161
îndepărta	22141
interacțiune	22125
metalic	22121
alocație	22101
somn	22091
xi	22075
concentra	22058
polonia	22050
veac	22047
renunțare	22025
originar	22002
chirie	21948
proteină	21938
integrat	21931
folos	21894
cartier	21892
xix	21882
rugăciune	21880
drog	21866
citat	21846
cumva	21842
târg	21836
băga	21835
încuraja	21819
respect	21814
gust	21808
poetic	21794
tranșă	21790
teme	21763
căsători	21705
vizual	21691
deplasa	21656
necorporal	21656
subteran	21652
înger	21646
mit	21633
ierarhic	21582
compus	21578
du	21552
grefier	21544
majora	21541
trist	21460
delegație	21450
rațiune	21442
definire	21442
exprimare	21437
telecomunicație	21427
traduce	21420
secundă	21401
aport	21397
leziune	21395
aparatură	21391
derivat	21386
excepta	21383
optim	21372
marin	21362
buză	21361
undeva	21322
prinț	21310
palmă	21303
specificație	21299
aripă	21290
virus	21285
discriminare	21265
stâng	21250
provincie	21249
dreaptă	21223
mișca	21219
arterial	21212
îndrumare	21205
elvețian	21177
os	21143
circa	21138
calculator	21130
semestrial	21127
doctorat	21125
motivare	21075
mormânt	21051
socoti	21049
conduită	21048
ajutoare	21034
intensitate	21011
pensionar	20998
deduce	20987
psd	20986
figura	20984
rd	20976
participație	20969
memorandum	20946
meci	20939
lanț	20933
deriva	20926
căpăta	20912
psihologie	20900
calitativ	20900
sută	20889
reproduce	20878
consimțământ	20867
stăpân	20839
cotidian	20823
știre	20791
intens	20781
etică	20761
irevocabil	20755
remunerație	20725
fundamentare	20724
receptor	20723
artificial	20720
amenințare	20659
comite	20656
civilizație	20650
delegare	20648
lansare	20573
pronunțare	20571
rădăcină	20555
accent	20554
comunism	20552
protejat	20546
consulta	20542
visa	20532
tranzacționare	20531
aprovizionare	20524
plasament	20521
roma	20516
copac	20491
seara	20483
simultan	20481
restructurare	20468
târgu	20423
fin	20416
david	20401
pasager	20393
china	20393
educativ	20378
popa	20369
desfășurat	20368
informațional	20364
etaj	20354
sancționare	20329
cronică	20306
clasificat	20300
făcut	20287
mediere	20284
noaptea	20284
feminin	20273
interne	20269
mâine	20264
treptat	20244
adresat	20241
identic	20213
încărcare	20213
sân	20205
regal	20203
republica	20203
sistematic	20195
variație	20183
paralel	20180
negocia	20171
talent	20170
recunoscut	20169
valoric	20169
implicare	20167
consultant	20157
confederație	20150
redacta	20145
suspect	20120
tranziție	20111
restant	20107
cafea	20095
eșantion	20084
mină	20064
refacere	20062
continuitate	20035
viena	19994
încredința	19982
imagina	19981
includere	19970
plen	19965
alcoolic	19964
oarecare	19961
excludere	19948
satisface	19939
recipient	19929
uzat	19927
contraveni	19926
sezon	19911
zăpadă	19892
oportunitate	19875
web	19870
stațiune	19865
acuza	19861
considerent	19859
expeditor	19849
credincios	19824
impozitare	19824
prioritar	19817
amânare	19814
dividend	19810
pretinde	19808
uriaș	19807
imposibilitate	19782
episcop	19781
numă	19774
vreodată	19772
scăzut	19771
amesteca	19770
împuternici	19738
complexitate	19727
centralizator	19710
xx	19699
sintetic	19660
pâine	19657
carnet	19651
sodiu	19635
lucian	19633
petrolier	19631
comprimat	19616
cădere	19610
praf	19600
portofoliu	19595
necunoscut	19594
front	19588
invenție	19586
simț	19573
raion	19569
crimă	19562
întoarcere	19555
meserie	19547
vânzător	19542
afirmație	19533
adecva	19519
caracteristic	19504
vinovat	19499
scenariu	19491
adeverință	19460
invitație	19454
sosire	19448
ilie	19431
regularizare	19429
obișnui	19428
bulgaria	19421
aminte	19419
debut	19416
sindicat	19397
pnl	19378
basarabia	19369
detaliat	19358
placă	19337
documentar	19326
mers	19323
iliescu	19323
facilita	19308
motiva	19306
gazdă	19305
grigore	19297
municipal	19280
slujbă	19278
regizor	19274
convingere	19271
îndatorire	19246
tarifar	19243
dezvălui	19211
rasă	19209
orizont	19206
căpitan	19195
iarbă	19191
jucător	19175
depozitar	19173
legitim	19164
săptămânal	19156
vină	19152
bilateral	19151
națională	19151
formalitate	19147
sfat	19138
taină	19137
explorare	19125
tranzitoriu	19119
curativ	19117
antrepozitar	19103
garantat	19093
igienă	19080
reasigurare	19074
difuzare	19047
abuz	19043
bazin	19028
pdl	19019
mărturisi	19012
tăcea	19011
preferință	19011
calculare	18993
cardiovascular	18992
navigație	18986
formal	18981
john	18972
http	18970
hai	18964
ceaușescu	18952
audiovizual	18951
semăna	18940
strâns	18933
incompatibilitate	18924
adolescent	18915
vacanță	18910
distincție	18888
purtător	18878
aparent	18875
fizică	18869
maestru	18868
pahar	18854
duh	18837
încărca	18833
frază	18801
re	18779
dare	18772
nor	18751
grecia	18744
justificare	18738
blaga	18716
chirurgie	18707
inovare	18704
monetar	18702
mărturie	18697
rectificare	18693
atașa	18693
conta	18686
tumoare	18684
posesie	18677
autonomie	18673
cumulativ	18666
prețios	18663
cursă	18656
estetic	18653
colaborator	18651
călin	18635
porc	18608
primii	18607
totdeauna	18594
sentință	18584
dedicat	18577
constituit	18572
dl	18562
aeronautic	18540
liviu	18530
bătălie	18505
reuniune	18502
segment	18487
rost	18485
soartă	18485
neregulă	18479
distinge	18466
compensație	18465
neîntemeiat	18453
manipulare	18441
proiecta	18419
indicare	18417
condiționa	18414
comerciant	18407
donație	18399
mie	18392
urgent	18376
succesiv	18374
regulat	18373
pretenție	18368
prietenie	18365
antonescu	18362
declanșa	18346
crăciun	18339
anglia	18337
șterge	18329
incintă	18328
implicit	18324
lovitură	18307
oprire	18293
temeinic	18284
curaj	18271
confrunta	18262
tabără	18246
pictor	18245
nervos	18241
întuneric	18229
aprinde	18215
pulmonar	18209
xii	18202
ilegal	18199
manevră	18198
zaharat	18192
ram	18190
vagon	18170
minunat	18159
lățime	18158
aducere	18156
mediator	18140
reproducere	18132
petrol	18126
arhitectură	18110
enumera	18109
parcurge	18096
sc	18080
inspira	18068
marian	18064
oradea	18056
detalia	18053
logică	18033
omenesc	18030
înlătura	18013
referat	18010
sensibil	18007
introductiv	18001
lingvistic	17995
divizare	17993
urmaș	17976
constatat	17975
milă	17965
reper	17963
comercializa	17958
grupare	17952
consultativ	17945
transparență	17941
fura	17937
poseda	17930
hartă	17929
privilegiu	17928
autoturism	17921
concentrare	17913
imens	17899
rosti	17883
ui	17865
ameliorare	17865
evaluator	17864
anticorupție	17851
grăsime	17847
ucraina	17845
despărți	17841
roată	17839
dimpotrivă	17826
legalitate	17814
aborda	17791
dinte	17787
preveni	17725
alternativă	17707
inundație	17683
devreme	17672
alerga	17667
lateral	17646
așezare	17624
transportator	17611
desființa	17610
procesare	17608
incapacitate	17606
magistrat	17574
miros	17561
monta	17561
dinspre	17559
primitor	17552
pereche	17547
cerebral	17547
castel	17543
combinat	17533
accesibil	17528
textil	17525
valida	17511
aviație	17506
creier	17504
învinge	17481
împinge	17480
bere	17463
defect	17463
eșec	17459
conversie	17455
tv	17452
denumit	17451
comunal	17436
moștenire	17426
compr	17424
lt	17424
munci	17402
tichet	17398
domina	17396
invers	17361
unu	17358
reconstituire	17355
permanență	17340
asimila	17336
difuza	17335
referent	17329
califica	17308
turc	17305
hiv	17298
rațional	17284
notificat	17269
reluare	17268
oaie	17259
pasiune	17254
just	17246
minier	17237
inteligență	17208
etic	17186
candidatură	17183
pontă	17183
nejustificat	17175
matei	17165
muniție	17159
coastă	17154
dci	17137
catolic	17127
preparare	17126
arbitral	17121
calendar	17116
sensibilitate	17113
cerceta	17108
abilitat	17101
bucovina	17088
paliativ	17072
înconjura	17068
reziliere	17057
contravențional	17037
critica	17031
sec	17028
construit	17019
convențional	17008
amândoi	17007
orienta	17006
acreditat	17001
legendă	16994
vaccin	16992
succesiune	16990
spăla	16989
stabil	16985
dializă	16985
radical	16980
bucătărie	16979
ierta	16975
aptitudine	16970
arhitect	16964
tinerețe	16961
joi	16961
posesor	16960
generator	16944
pensionare	16922
redactor	16913
ipotecă	16904
portret	16899
descărcare	16889
brăila	16882
facultativ	16869
întreține	16858
formațiune	16852
expediere	16844
conduct	16836
turn	16815
cablu	16805
sute	16803
ferm	16799
pag	16794
distribuitor	16789
investigare	16789
jurisprudență	16789
acredita	16784
rezerva	16771
recomandat	16771
zâmbet	16766
oricând	16758
marjă	16747
anre	16739
manuscris	16739
kilometru	16738
arab	16711
coadă	16699
variabilă	16690
moscova	16685
izolat	16683
interpret	16682
dota	16678
aurel	16677
dărui	16665
suedia	16663
apela	16655
intitulat	16648
furnizat	16647
ură	16624
cămin	16612
colecta	16610
bis	16606
ceda	16598
emis	16595
repetat	16575
jurnalist	16537
gravidă	16535
învățător	16529
împrumuta	16527
recurge	16521
substanțial	16507
revoca	16505
stocare	16504
restaurant	16502
corectare	16469
țigară	16468
peisaj	16463
tipări	16462
press	16457
omorî	16447
îndreptățit	16441
notarial	16437
eseu	16437
precauție	16432
bacalaureat	16419
radiație	16406
însemn	16394
detașare	16384
geam	16369
promite	16365
arbitru	16359
canalizare	16358
legiuitor	16348
luat	16345
donator	16344
varia	16342
dacia	16341
motivație	16341
perimetru	16331
dramatic	16328
nominaliza	16300
teodor	16298
liniștit	16285
avansa	16282
lichidator	16281
pulbere	16265
absolvi	16263
clarificare	16261
insuficient	16260
berlin	16240
destul	16238
conservator	16236
fermă	16235
politician	16230
ioana	16230
înștiința	16224
ordinar	16224
abuziv	16217
aliat	16207
extrage	16199
călători	16195
bătaie	16180
stângă	16178
logic	16177
explicit	16169
terorism	16166
pedagogic	16162
dependent	16103
amplasare	16086
simbolic	16084
alegător	16069
acumulare	16066
tub	16052
șir	16043
sorin	16033
tematică	16014
mihaela	16012
scadent	16009
naval	15976
încasat	15970
întări	15960
latin	15953
apartenență	15944
dimineața	15931
digital	15923
masiv	15905
ambulanță	15903
căsuță	15902
înconjurător	15900
flacon	15899
ideologie	15893
exactitate	15888
înstrăinare	15888
rezidență	15887
administrat	15886
oțel	15882
deductibil	15876
chemare	15868
dușman	15862
alătura	15858
gabriel	15858
marketing	15856
oricât	15854
cristina	15846
cert	15844
observator	15841
verb	15831
moș	15797
sincer	15795
iubit	15793
controlat	15789
fotbal	15782
înlocuitor	15776
depus	15767
mintal	15756
debutant	15749
grâu	15740
prezidențial	15713
academic	15684
tipărire	15675
ligă	15667
bogdan	15663
aresta	15655
sacru	15635
nebun	15634
infinit	15627
vătămat	15627
centralizat	15621
prestat	15618
minune	15617
university	15611
antreprenor	15603
informativ	15602
disc	15587
programare	15583
plic	15573
înștiințare	15559
percepție	15558
balanță	15555
robert	15538
maistru	15530
patrie	15518
spălare	15511
depistare	15509
marius	15506
veșnic	15501
grăbi	15499
induce	15495
planetă	15489
iso	15473
litru	15469
secvență	15466
cadastral	15456
păi	15452
complicație	15428
scor	15423
insista	15411
subțire	15408
autoare	15395
gară	15394
plasmatic	15392
amenința	15391
gabriela	15363
separare	15345
subunitate	15333
telefonic	15328
miercuri	15324
ovidiu	15324
potrivi	15317
valorifica	15313
recoltare	15303
reda	15299
fund	15295
mister	15285
șantier	15281
chinez	15271
nerezident	15253
surveni	15247
psiholog	15246
vodă	15239
douăzeci	15226
nas	15224
silvicultură	15216
pavel	15212
îmbunătăți	15202
ținut	15197
rezista	15180
maică	15168
subsemnat	15159
exploata	15158
gros	15148
coroană	15135
sindical	15134
preocupa	15132
cuplu	15124
fabrica	15120
bunică	15080
săruta	15077
subprogram	15071
diametru	15052
cesiune	15050
plăcut	15050
experimental	15049
finanțat	15046
cereală	15044
ron	15037
copia	15021
cartof	15019
corectitudine	15013
modul	15008
radioactiv	15005
deosebi	15004
proveniență	15002
reieși	14995
importa	14975
ploiești	14973
tentativă	14970
cazan	14970
audiere	14963
limpede	14948
adopție	14941
defalca	14924
cultiva	14914
mușchi	14905
neutilizat	14886
borderou	14884
costum	14868
genunchi	14854
câștigător	14852
seminar	14836
regină	14834
doveditor	14829
revoluționar	14828
fum	14824
șofer	14823
marcare	14819
particularitate	14816
procedural	14808
sufletesc	14806
învățătură	14804
dezastru	14797
favoriza	14794
pic	14793
transpune	14784
mări	14778
video	14766
ordona	14762
sprijinire	14755
ideologic	14747
evolua	14745
înlăturare	14743
nisip	14738
marți	14725
vărsa	14723
dur	14718
punte	14716
cuceri	14708
axă	14704
casetă	14701
vreunul	14689
cărbune	14687
trăire	14684
deodată	14678
respirație	14678
râs	14670
bineînțeles	14668
suspiciune	14647
modă	14647
amplu	14643
reclamă	14636
oricine	14627
dispariție	14626
bar	14613
stimula	14610
sfârși	14599
cnp	14592
opus	14586
otoman	14586
drac	14579
gamă	14573
minimal	14571
majoritar	14568
viorel	14554
icoană	14541
răspunzător	14534
experiment	14528
taxi	14525
traversa	14524
polonez	14514
amâna	14514
doctrină	14495
comparație	14493
diversitate	14491
cazier	14486
iosif	14486
ocrotire	14485
consacra	14478
dicționar	14466
data	14464
pui	14454
nevoi	14450
afectat	14444
luminos	14442
rezidual	14439
spori	14431
cofinanțare	14429
întărire	14419
carbon	14415
neguvernamental	14408
ieri	14394
sigiliu	14383
jurisdicție	14375
nc	14373
toxic	14373
mental	14352
invaliditate	14333
pierdut	14328
medicinal	14328
ascuns	14325
mariana	14300
divizie	14298
imaginar	14292
spaniol	14280
japonez	14278
culpă	14275
violent	14274
azil	14269
decurs	14267
interzis	14266
iarăși	14261
referendum	14260
terminal	14257
sechestru	14257
pauză	14253
plumb	14251
furaj	14248
seringă	14244
expedia	14238
zbura	14237
grupa	14229
vascular	14219
unghi	14218
șerban	14206
nul	14204
ultimei	14198
colonel	14196
zeci	14192
afiliat	14189
botoșani	14169
desprinde	14164
domicilia	14159
domnie	14157
frig	14150
greși	14148
greșit	14147
obraz	14144
cec	14144
hotar	14127
tinde	14125
echitabil	14122
ritual	14122
constatator	14107
cinematografic	14094
rezumat	14085
precizie	14064
imaginație	14063
caragiale	14049
ultimă	14049
necorespunzător	14048
japonia	14047
curriculum	14041
procesual	14041
menit	14037
iluzie	14023
replică	14022
definit	14015
clinică	13998
matematică	13990
flacără	13989
elen	13986
însușire	13974
virtute	13974
cooperatist	13969
dominant	13965
pilot	13958
terestru	13947
câmpie	13942
convorbire	13937
abandona	13937
salon	13918
variabil	13915
corecta	13908
matern	13906
neconstituțional	13905
redevență	13900
ignora	13876
satisfăcător	13875
delimitare	13858
virgil	13857
turneu	13854
von	13849
iorga	13849
îmbrăcăminte	13838
izolare	13830
turcia	13824
iulia	13824
investi	13802
buzunar	13797
papă	13796
răspândi	13792
străbate	13791
zero	13786
dedica	13783
televizor	13782
ilustra	13778
cimitir	13778
armonie	13776
subpct	13768
treimi	13762
sondaj	13760
it	13757
șold	13751
nomenclator	13741
hunedoara	13739
propoziție	13737
nuntă	13724
pompă	13722
înălța	13718
aventură	13709
provocare	13705
elită	13688
explicativ	13688
comisar	13674
veste	13672
cumula	13672
ocazional	13667
absorbție	13667
barbu	13667
ambasador	13666
luni	13662
democrat	13651
vaccinare	13650
injectare	13648
excesiv	13648
vită	13639
lampă	13632
boc	13621
confiscare	13621
însoțitor	13620
întâmpina	13617
armat	13609
calculat	13607
crescut	13600
grație	13597
instructor	13592
supraviețuire	13590
latură	13574
montare	13569
creangă	13559
naționalitate	13552
deteriorare	13552
phare	13548
admis	13548
durea	13547
xiii	13537
costa	13535
nobil	13532
ia	13517
uniformă	13513
mobilizare	13513
unealtă	13511
doină	13500
sonor	13494
templu	13493
vlad	13490
constantinescu	13487
buzău	13470
umbla	13464
notare	13462
etichetare	13455
corecție	13452
îndeosebi	13442
încărcătură	13439
priva	13427
redactare	13425
alfa	13418
nefavorabil	13412
reuni	13397
preceda	13395
top	13390
precoce	13380
hemoglobină	13376
unilateral	13368
pânză	13351
relevanță	13342
particulă	13332
combina	13323
neașteptat	13323
vecinătate	13315
vâlcea	13315
inventariere	13301
bon	13291
lemnos	13289
alega	13280
panou	13274
atașat	13273
actualizat	13271
turist	13265
conforma	13257
autostradă	13255
suspensiv	13246
baltă	13232
radiere	13222
sili	13218
jurământ	13209
melodie	13205
grădiniță	13205
îndemna	13203
bunic	13190
achiziționat	13185
biblic	13185
miez	13171
premieră	13163
pitești	13159
finit	13148
antic	13148
ambalare	13145
dinamic	13133
acoperiș	13133
inflație	13123
horia	13114
protest	13095
stăpâni	13091
alee	13090
minciună	13087
lumina	13082
culege	13082
ceai	13079
orar	13077
sr	13068
împărțire	13061
liric	13057
îndreptăți	13056
moale	13050
elisabeta	13049
orășenesc	13049
simona	13048
debuta	13048
repara	13047
bihor	13045
ratificare	13039
legitimație	13022
van	13017
transparent	13014
abrogare	13011
petrecere	13011
arc	13003
pricepe	13002
geană	12997
raportat	12996
dac	12992
reînnoire	12988
dăunător	12978
cedare	12969
degradare	12965
proteză	12959
filozofie	12955
patologie	12952
demisie	12946
transmisibil	12940
antrenor	12939
ramură	12939
prietenă	12936
feri	12933
prelucra	12926
revenire	12924
container	12920
varietate	12919
plimba	12913
pavilion	12903
gheață	12903
belgia	12902
înmâna	12898
muscular	12897
spectator	12883
emoțional	12879
canada	12877
stăpânire	12872
măr	12860
invitat	12854
cuza	12849
analizare	12841
masculin	12841
tipar	12840
sărăcie	12840
managerial	12840
selectare	12837
extrem	12827
creditare	12819
cognitiv	12818
meteorologic	12817
grilă	12807
fetiță	12805
periferic	12788
adăpost	12788
ivi	12788
maramureș	12778
pătrat	12769
considerabil	12742
surpriză	12728
citire	12724
vaslui	12723
beton	12716
adâncime	12711
filă	12702
blând	12699
chestionar	12698
sit	12697
diferenția	12672
stipula	12669
considerație	12660
fracțiune	12655
calm	12653
adversar	12632
satisfacție	12630
psihiatrie	12627
lat	12624
aranjament	12624
casnic	12621
candida	12610
expus	12607
campionat	12605
india	12603
evaluat	12600
sociologie	12599
stagiar	12596
argeș	12595
fraudă	12592
editor	12580
st	12579
medalie	12568
declanșare	12568
înțelepciune	12560
arheologic	12557
ecran	12547
no	12547
rambursa	12543
dramă	12539
incomplet	12538
îngriji	12534
inhibitor	12531
remarcabil	12516
împuternicire	12511
refugiat	12505
fixare	12495
fierbinte	12495
culegere	12490
vital	12489
tristețe	12482
îndepărtat	12475
boier	12464
dumneata	12458
xviii	12455
extins	12451
progresiv	12447
celular	12447
porțiune	12446
spațial	12445
compara	12445
întindere	12444
demn	12442
reconstrucție	12442
infecțios	12441
eliberat	12439
testa	12436
calificativ	12423
carburant	12422
cauciuc	12417
iluminat	12416
inteligent	12400
sebastian	12393
deosebire	12392
lent	12390
dinamică	12375
eliade	12368
enorm	12349
confruntare	12344
supăra	12340
adoptat	12340
edita	12332
tipic	12331
mandatar	12327
barou	12325
vie	12322
oarecum	12312
localizare	12309
compatibil	12304
romantic	12302
veterinară	12293
însărcina	12280
restrângere	12278
corespondent	12276
is	12274
with	12273
prepara	12271
bagaj	12271
tăiere	12258
caror	12255
autobuz	12253
răscumpărare	12252
omenire	12252
febră	12251
brad	12246
promisiune	12243
vacă	12243
filosof	12241
galerie	12240
antologie	12227
însoțire	12225
compensa	12216
locatar	12213
gras	12209
zori	12208
subordona	12205
tutore	12199
înfățișa	12199
narativ	12197
abilita	12197
redacție	12176
strugur	12176
elementar	12171
sac	12166
coopera	12164
publicitar	12159
prahova	12156
tovarăș	12154
expediție	12133
rotund	12130
cauțiune	12129
leș	12128
șoc	12122
incompatibil	12116
nato	12111
deseori	12110
soldă	12109
der	12108
cândva	12102
inutil	12101
vertical	12090
injectabil	12089
guverna	12085
îndepărtare	12083
cupă	12061
chestie	12054
montan	12053
exces	12044
bulgar	12041
ponta	12033
călca	12027
divorț	12019
stemă	12017
baraj	12013
antenă	12006
moderat	12000
resort	11995
pustiu	11988
barieră	11985
calciu	11978
atribut	11977
seră	11976
lipi	11976
vegetație	11975
preșcolar	11973
plajă	11966
poluant	11960
patologic	11957
mira	11952
centraliza	11951
comanda	11947
revoltă	11946
închipui	11940
fișier	11939
jandarm	11930
uzină	11926
documentare	11921
ascultare	11918
bănui	11912
întâmpinare	11912
îndruma	11912
teologie	11912
dependență	11911
timpuriu	11910
acumula	11906
prestigiu	11904
petrescu	11898
consumabil	11885
plasă	11880
excelent	11879
deopotrivă	11874
expira	11872
guvernator	11868
broker	11857
bovină	11852
mobilier	11849
prognoză	11848
interna	11841
nevastă	11839
neimpozabil	11835
excedent	11822
cadou	11822
executat	11817
cas	11812
singurătate	11810
spontan	11810
bloca	11807
îndelungat	11801
intim	11791
injecție	11789
cancelarie	11776
sanguin	11775
obstacol	11759
software	11758
alba	11757
supraviețui	11745
cotizație	11745
vărsământ	11742
speria	11742
rezervor	11724
rămânere	11722
exploziv	11718
tron	11717
furtună	11715
apărător	11713
transmis	11710
senin	11706
statuie	11700
moașă	11690
parafă	11684
armonizare	11678
dintâi	11674
exprimat	11674
respiratoriu	11673
acvatic	11668
marină	11658
pom	11651
vladimir	11640
atribuit	11640
jean	11638
etern	11631
risca	11631
dureros	11628
porumb	11624
apt	11614
densitate	11611
competitiv	11610
toleranță	11596
valentin	11595
criminalitate	11595
sponsorizare	11593
ajusta	11583
new	11574
dispută	11561
șosea	11556
minge	11555
întârzia	11553
sfântă	11550
scump	11544
pornire	11543
geniu	11541
exportator	11535
rană	11522
călinescu	11520
extracție	11520
dânsul	11516
georgescu	11516
afectare	11514
federal	11506
cinematografie	11505
cutremur	11504
afectiv	11492
recensământ	11491
reglare	11489
moșie	11486
vitamină	11479
multiplicare	11478
vorbire	11477
prime	11473
media	11469
iubită	11468
medicamentos	11468
foame	11457
relata	11445
mobilitate	11434
lagăr	11434
tur	11429
avansat	11427
xiv	11426
depozita	11424
osos	11410
jubiliar	11407
tragic	11399
studio	11399
cat	11388
evreiesc	11385
probabilitate	11378
comporta	11378
legionar	11376
susținător	11374
barem	11373
consolida	11372
eur	11366
strădui	11361
daniela	11358
suc	11349
eronat	11347
ecou	11346
fundamenta	11345
sfert	11321
delimita	11315
sparge	11309
liniuță	11308
fermier	11304
bisericesc	11304
oxigen	11303
metaforă	11302
creștinism	11299
apleca	11290
magnetic	11284
numar	11282
statutar	11274
usl	11251
creativitate	11243
teologic	11235
inj	11234
confuzie	11229
înmulțire	11213
recrutare	11212
specificat	11211
încuviințare	11211
ionel	11207
see	11202
banat	11200
înșela	11199
răspândire	11197
plantație	11187
reacționa	11166
întâmplător	11161
medieval	11157
elveția	11148
subsol	11147
profita	11146
bogăție	11133
prizonier	11132
na	11131
autentificare	11123
confort	11122
pană	11122
probațiune	11121
sesizat	11120
călugăr	11118
înfățișare	11116
slavă	11115
rezistent	11113
scut	11109
reactiv	11109
cadavru	11103
desfacere	11101
solvent	11088
absurd	11080
inventa	11079
legalizat	11074
concentrat	11072
propagandă	11070
menționare	11059
gravitate	11057
solar	11049
abur	11049
înțelept	11048
evoca	11045
ceremonie	11043
legat	11042
anca	11041
etc	11041
urât	11040
dezvoltat	11037
retrospectivă	11033
gard	11026
revizui	11023
amenaja	11004
rușine	11000
inginerie	10999
fugă	10992
tulcea	10985
filtru	10984
liceal	10983
prelucrat	10981
ingredient	10981
certitudine	10979
corela	10977
crud	10964
rezervație	10963
subcutanat	10963
zări	10962
urmărit	10962
ușurință	10960
modest	10960
stârni	10959
olanda	10959
orb	10958
adam	10957
forța	10944
educare	10940
confidențial	10936
virare	10933
iacob	10933
fitosanitar	10929
releva	10921
inamic	10921
ratifica	10916
procurare	10915
pasaj	10913
semnalizare	10911
caen	10910
ierarhie	10903
corelație	10902
compozitor	10900
adus	10889
admira	10878
conversație	10874
car	10871
agresiv	10866
pro	10857
explozie	10848
exil	10848
confecționa	10843
nuanță	10842
uniform	10836
tractor	10827
compensatoriu	10823
eșalonare	10818
închiria	10818
putință	10810
încorpora	10810
tramvai	10806
identificat	10802
înmulți	10799
principat	10795
pricină	10795
rusesc	10792
curios	10788
fântână	10787
plasare	10787
puritate	10785
antrena	10782
solidar	10778
virtual	10768
practicare	10759
structura	10758
egipt	10755
piată	10752
rută	10749
del	10740
austriac	10739
semestru	10731
turna	10729
strecura	10723
amintit	10721
inevitabil	10714
ispa	10714
isus	10711
cuptor	10709
anton	10708
by	10705
online	10703
implicație	10702
pomeni	10702
minus	10695
agrement	10694
treizeci	10694
imigrare	10678
stâncă	10671
demult	10663
filosofic	10663
agendă	10662
desface	10653
olimpic	10652
transmisie	10649
magic	10643
hrăni	10642
fabricant	10641
treime	10637
restrâns	10635
subiectiv	10634
promulga	10632
planifica	10625
avertizare	10615
metabolic	10613
programa	10597
suspensie	10597
glucoză	10590
gunoi	10583
anticipa	10578
proiecție	10575
indicat	10567
aspirație	10563
cor	10563
altar	10559
intensiv	10554
creativ	10554
augustin	10550
lăuda	10547
buc	10546
adaos	10546
aparte	10538
subdiviziune	10532
ardere	10526
mângâia	10526
nucleu	10520
vizat	10513
constructor	10513
adormi	10506
izbucni	10506
analist	10504
cotizare	10502
hipoglicemie	10496
schiță	10494
imputabil	10494
ierusalim	10494
nepot	10493
ciupercă	10489
optic	10483
imperial	10475
problematică	10472
alimenta	10472
ceh	10465
victoria	10455
devenit	10452
abonament	10449
înaintare	10445
țesătură	10444
umanitate	10444
vesel	10441
ax	10433
feroviară	10432
respira	10426
ocol	10413
traducător	10408
tematic	10407
umed	10404
privință	10401
amar	10399
bară	10396
premisă	10390
deocamdată	10388
cumulat	10385
adera	10377
mobilă	10375
inspirație	10375
exigibil	10372
inel	10365
har	10365
patra	10361
răbdare	10358
stres	10355
accidental	10351
martin	10341
înghiți	10339
cultivare	10334
luciu	10332
denunțare	10331
decisiv	10330
președinție	10326
umor	10324
ec	10323
epurare	10323
potasiu	10321
usca	10319
facilitare	10312
percheziție	10308
ei	10305
izola	10305
ficat	10301
zonal	10289
îngrășământ	10288
brigadă	10287
adjudecare	10286
următorul	10285
montaj	10285
apus	10284
impuls	10282
răsărit	10278
reclamație	10274
voievod	10272
picta	10269
cămașă	10266
domnitor	10264
albină	10249
impresiona	10248
scandal	10247
glumă	10246
transfrontalier	10243
irigație	10234
cavaler	10229
vast	10227
dobândit	10227
tanc	10226
contrast	10223
morală	10222
ilicit	10222
dimitrie	10214
programă	10213
apendice	10210
arteră	10206
narațiune	10205
întrunire	10203
însumi	10200
bunăstare	10196
mortalitate	10186
șopti	10182
constrângere	10181
generic	10173
stâlp	10168
poprire	10167
scurgere	10166
continent	10165
școlarizare	10165
undă	10159
dispus	10159
susceptibil	10151
configurație	10150
rețetă	10150
cutanat	10149
sur	10143
potabil	10141
îndrăzni	10140
născut	10139
deprindere	10137
înspre	10132
îmbolnăvire	10131
domestic	10130
făină	10127
washington	10126
engleză	10123
avertisment	10122
clientelă	10117
indiciu	10115
acceptabil	10109
lup	10109
vinovăție	10106
michael	10104
exigibilitate	10104
ambasadă	10102
nedeterminat	10099
primelor	10098
rodica	10097
exigență	10089
demonstrație	10086
reputație	10084
baterie	10084
autohton	10077
fonda	10077
firește	10076
aditiv	10076
echipa	10072
functionare	10063
deranja	10053
crin	10051
lin	10045
trandafir	10039
apăsa	10038
scurge	10035
reface	10031
contradicție	10026
luxemburg	10022
partidă	10021
comandament	10020
prezida	10016
furt	10015
culme	10008
nemijlocit	10001
vag	9988
toxicitate	9983
constituționalitate	9980
oferit	9979
accelerat	9977
as	9976
chiriaș	9976
remorcă	9960
suveran	9956
ilfov	9950
fidel	9947
miere	9945
criminal	9944
noutate	9944
înstrăina	9943
pastă	9943
variat	9941
liniști	9939
grosime	9935
james	9935
coerent	9932
evidențiere	9924
îmbrățișa	9911
service	9901
proiectant	9889
sistemic	9886
calamitate	9880
vatră	9880
natal	9879
oboseală	9878
orizontal	9877
brătianu	9877
saluta	9875
supleant	9874
civic	9871
iulian	9871
librărie	9871
coordonată	9866
orchestră	9864
studiere	9863
botez	9862
subprogramul	9857
complicat	9857
pată	9851
dizolva	9849
conexiune	9839
iancu	9832
toma	9830
bizantin	9829
locomotivă	9826
satisfacere	9825
acceptat	9819
audiență	9816
anticorp	9814
contingent	9810
nebunie	9809
pretutindeni	9809
tremura	9808
indian	9807
neamț	9797
vilă	9790
picătură	9787
arbor	9786
hepatită	9784
musulman	9783
nenumărat	9783
supliment	9779
ucrainean	9779
mutare	9776
ceață	9767
înlesnire	9760
moară	9758
stejar	9756
ambarcațiune	9747
pluti	9743
simion	9739
aplicabilitate	9738
obiecție	9735
reflecție	9735
pact	9734
colectivitate	9733
observare	9731
matematic	9718
enunț	9717
citație	9716
patrulea	9713
subscris	9701
inedit	9698
statua	9693
trai	9691
fezabilitate	9688
urinar	9683
randament	9681
obligativitate	9673
barcă	9673
glicemie	9673
luptător	9670
imunitate	9670
pantalon	9669
tuberculoză	9667
tablă	9659
abstract	9653
determinant	9652
nomenclatură	9652
editare	9650
cinste	9639
farmec	9635
mentalitate	9634
dansa	9632
umanitar	9628
consacrat	9627
azot	9623
călărași	9620
inadmisibil	9618
carcasă	9617
anemie	9614
anotimp	9610
nerv	9601
spectru	9600
ocean	9599
controlor	9599
con	9596
catedrală	9594
groapă	9587
grecesc	9585
aluminiu	9580
interbelic	9578
discret	9574
sumar	9572
amiabil	9571
contur	9561
imobilizat	9558
procentual	9556
sugestie	9547
colonie	9544
anexat	9540
mitropolit	9528
curățare	9527
portugalia	9525
gt	9524
succesor	9521
comedie	9519
răni	9517
ie	9512
richard	9510
etilic	9508
mărunt	9506
coeziune	9505
biografie	9505
nesfârșit	9500
xvii	9500
reînnoi	9499
cronologic	9493
comparabil	9492
disperare	9489
prințesă	9487
ungureanu	9483
xvi	9483
întunecat	9476
glorie	9473
inițiator	9470
șarpe	9469
inscripție	9461
prejudicia	9458
realist	9452
chimie	9451
alături	9450
hectar	9447
capac	9446
bibliografie	9444
concesionar	9439
întocmit	9429
ficțiune	9424
africa	9423
precădere	9414
monica	9409
status	9409
găzdui	9408
nutriție	9407
țeavă	9406
neobișnuit	9405
diferențiere	9399
valeriu	9393
dizabilitate	9387
detașa	9384
nuvelă	9382
gram	9378
contaminare	9375
alunga	9374
charles	9373
aspru	9370
sacrificiu	9369
pronunțat	9361
locativ	9360
finlanda	9359
ziarist	9357
parter	9357
deservi	9355
asia	9351
carton	9350
prăbuși	9348
urss	9347
cabină	9336
principe	9332
radiologic	9325
organizațional	9325
reținut	9325
rochie	9324
curăța	9323
domnișoară	9321
lichiditate	9318
viral	9315
stalin	9311
placebo	9309
that	9301
tragedie	9300
amploare	9291
parfum	9287
colorat	9287
pisică	9275
pop	9255
înmatricula	9250
cărămidă	9237
absorbi	9237
antrenament	9228
rod	9225
livrat	9224
non	9224
bank	9223
denunța	9219
prefectură	9218
spaimă	9215
mătase	9210
minți	9208
profilaxie	9200
suplimentare	9198
contravenient	9197
pol	9194
william	9187
șomer	9182
sanatoriu	9181
mândru	9174
ironie	9174
fumat	9173
climatic	9164
reflex	9162
conecta	9158
ipotecar	9157
enzimă	9156
încuviința	9152
credita	9146
demnitar	9144
arhiva	9143
climat	9141
constantă	9140
simplificat	9139
extract	9136
fiziologic	9134
at	9131
curiozitate	9123
fantastic	9118
cenușă	9117
acvacultură	9115
furie	9114
patron	9112
clasa	9112
giurgiu	9109
contura	9105
interimar	9101
ltd	9099
preleva	9098
excelență	9094
detenție	9089
deceda	9085
malign	9085
intersecție	9080
impresionant	9077
benzină	9074
subtil	9069
dâmbovița	9067
coajă	9065
solicitantă	9060
depresie	9058
nega	9054
hibrid	9046
dezbate	9045
pumn	9044
slăbiciune	9043
postuniversitar	9043
străluci	9037
seric	9034
thomas	9033
postliceal	9030
acuzație	9029
autenticitate	9026
vândut	9024
serial	9023
carmen	9014
epidemiologic	9014
încălzi	9009
nuc	9006
iscir	9003
straniu	8999
decedat	8998
diseminare	8996
semnifica	8993
moldovenesc	8989
colector	8986
fngcimm	8986
eficace	8983
dictatură	8979
testament	8979
ecuație	8978
cupru	8972
curățenie	8970
prozator	8964
temporal	8957
concesionare	8956
sluji	8956
meditație	8955
prostie	8952
neautorizat	8950
corneliu	8947
rezolvat	8947
actualitate	8946
stimulent	8945
armonizat	8940
culca	8938
armament	8935
taxare	8935
restaurare	8931
productiv	8930
reaminti	8924
ucenic	8917
congenital	8914
accentua	8912
savant	8911
vocație	8910
terorist	8898
agricultor	8898
semantic	8891
leonte	8886
atacat	8886
tulpină	8884
elegant	8879
ileană	8877
israelian	8877
portuar	8874
riguros	8871
țene	8869
fluvial	8868
automobil	8864
coș	8858
