de	35842339
și	20358074
în	17819461
din	9649059
la	9124069
care	7635116
cu	7511616
se	7107290
pentru	6033725
să	5676182
sau	5071561
pe	4614585
al	4593708
nu	3968871
un	3569559
este	3369975
mai	3311202
prin	2731301
că	2571270
fost	2422840
fi	2323683
au	2287779
articolul	1985313
ale	1774839
sunt	1771230
va	1646594
ca	1623014
alin	1479588
privind	1196528
lui	1161362
poate	1152369
prevăzute	1076476
după	1069857
vor	1034685
ce	1030020
unei	957076
cazul	943677
trebuie	935317
data	933277
unui	923270
am	898636
oficial	865173
monitorul	864509
publicată	814368
dacă	809666
alte	755319
dar	754905
pot	752892
fie	739158
face	736507
ar	734182
cel	731461
are	714068
dintre	699957
conform	675206
iar	665055
românia	641433
toate	622916
unor	622505
fără	617254
acest	616716
stat	613533
publice	606884
cele	605170
asupra	600886
caz	599922
le	595951
ani	593250
condițiile	592261
bucurești	587693
ori	578568
lor	564532
potrivit	552925
ai	547894
între	539942
numai	532367
baza	527574
parte	521073
sub	520444
această	519875
sănătate	509146
ei	508614
era	506206
zile	504243
avea	495783
româniei	494348
mult	492474
decât	491437
două	488658
mare	484778
orice	479690
acestora	478177
fiecare	450579
medicale	438597
își	434871
servicii	427039
decembrie	424133
mod	423347
el	423226
termen	420778
ne	408960
legea	407431
prevederilor	407323
când	406585
guvernului	404032
lei	403329
respectiv	402409
cum	397886
fiind	397141
următoarele	395581
vigoare	388351
despre	387770
puțin	387640
astfel	385908
legii	378443
iulie	370653
modificat	364179
iunie	364142
putea	364014
anul	360027
îi	356128
persoane	352711
vedere	351243
asigurări	350580
inclusiv	347738
aceste	346438
timp	346002
mă	343382
noi	341851
publică	340673
anexa	338808
multe	332425
valoarea	328103
spre	326002
acestuia	325996
modificările	322239
tot	321033
fiscal	320684
ulterioare	319632
unde	319353
cea	318757
cât	317717
prevederile	317217
doar	313540
îl	311027
domeniul	310171
asemenea	308449
sale	305100
chiar	302640
drept	300667
muncă	295741
acestea	295443
sociale	293766
activitatea	293003
celor	292765
numărul	292482
an	288043
sa	287485
aplică	287467
general	285890
necesare	283476
lege	281564
urgență	281380
nici	277515
perioada	276592
prevăzut	276543
atât	275094
ii	274960
publicat	273798
foarte	269873
ianuarie	269470
ea	269131
cei	267972
zi	267825
ministerul	266181
său	265588
membru	264720
stabilite	263936
luni	263929
acesta	263694
octombrie	262378
bine	262026
următorul	261715
aceasta	257441
partea	255849
ordin	254023
național	253311
lucru	252409
nivelul	251573
te	250708
către	249479
consiliului	247753
codul	246113
dreptul	244857
legale	244177
ministerului	243875
fac	243740
completările	243258
situația	243032
iii	241674
bază	241160
august	240685
martie	240570
naționale	240356
loc	240244
public	239580
noiembrie	237486
cuprins	237000
transport	232000
special	231558
făcut	231346
prevăzută	230701
specialitate	230667
acesteia	229420
specifice	226173
urmează	225844
există	222981
altă	222117
nou	218094
având	214924
aprilie	214738
juridice	214450
financiare	213771
activități	213685
produse	212906
reprezintă	212743
activitate	212572
aferente	212206
bugetul	212125
locale	211188
una	211146
urmare	210245
autor	209628
unul	209227
mg	208741
avut	208732
persoanelor	208481
informații	207641
activității	205920
statului	205916
septembrie	205144
peste	204965
persoană	204173
obligația	202819
eu	202110
juridică	201464
națională	201368
însă	201120
același	200884
capitolul	200724
persoanele	200397
trei	199483
județul	197214
europene	197002
nivel	195570
aplicarea	195207
acestor	194965
altor	194356
date	194339
control	193980
prezentului	192275
contract	192219
ci	192161
plată	191674
generale	191646
aplicare	191581
află	191452
materiale	191411
prezenta	190434
condiții	189398
prezentei	188664
perioadă	186755
ordonanța	185535
acum	185190
referitoare	184873
prima	184837
serviciilor	182247
efectuate	180784
alt	180521
contractului	178698
februarie	178659
acestei	177990
apoi	177141
erau	175971
tip	175751
vă	174599
unic	174298
împotriva	173163
ministrului	170967
personal	170337
tuturor	170287
măsuri	170204
fizice	169819
constituie	169817
venituri	169755
fel	169737
respectarea	169543
acestui	169353
dată	168569
sistemul	168479
cererea	167733
plata	167534
comisiei	167465
numele	167235
autoritatea	165039
părți	164350
scopul	163896
introdus	163777
evaluare	163171
asta	162699
persoana	162119
localitatea	161669
comisia	160303
încă	159670
locul	159323
ales	158756
ele	158679
dat	157958
membre	157924
corespunzătoare	157554
metodologice	157097
faptul	156120
învățământ	155521
comerciale	155358
tehnice	155091
autorului	154853
urmă	154648
așa	154528
anului	153613
aici	153130
mari	152740
punct	152392
natură	152336
medicală	152207
cheltuieli	152127
uniunii	151980
credit	151295
prezentul	151052
corespunzător	150817
consiliul	150376
atunci	150302
lucrărilor	149980
formă	149251
sediul	149193
dispozițiile	149092
apă	149072
scris	149051
cerere	148787
aceeași	148682
țară	148647
produselor	147994
asigură	147970
social	147487
aprobă	147277
iv	147237
personalului	147116
consideră	146626
ordinul	146477
realizează	146474
mine	146202
direct	145957
sistemului	145302
proprii	144867
mea	144149
primul	143997
aceea	143895
dispozițiilor	143770
domiciliul	143588
viața	143447
viață	143022
desfășoară	142038
mediu	141628
of	140725
hotărârea	140460
speciale	139997
menționate	139579
altele	138983
acord	138440
număr	138339
autorilor	138073
administrației	137934
momentul	137565
stabilește	137528
autoritățile	137515
aprobarea	137256
sumele	136816
societății	136816
ceva	136765
dezvoltarea	136682
spune	136556
modifică	136035
bunuri	135933
anumite	135843
fiscale	135842
toți	135814
generală	135535
suma	135441
doi	135016
ore	134982
publicației	134181
prea	134077
spus	133959
efectuează	133874
emise	133874
jos	133614
modificată	132898
legal	132893
medical	132746
hotărâre	132507
teritoriul	132425
financiar	131895
regulamentul	131065
prezintă	130912
copyright	130867
unele	130833
sus	130815
persoanei	130780
internaționale	130746
copii	130650
serviciile	130566
sistem	130247
fapt	130074
serviciu	129935
articolului	129878
secțiunea	129537
respective	129530
ro	129475
exemplu	128696
ministrul	128633
cauză	128601
modul	128591
acolo	128436
familie	128214
legi	128055
scop	128002
ia	127687
acordate	127682
sănătății	127010
realizarea	126816
sanitare	126675
profesională	126532
facă	126352
situații	126139
părțile	125974
unitățile	125246
the	125108
cursul	125030
început	124579
diferite	124574
valoare	123972
câteva	123844
organizarea	123361
acordă	123325
stabilit	122852
alineatul	122786
municipiului	122563
utilizate	122561
aflate	122474
proprietate	122423
studii	122288
punctul	122027
obiectul	121637
venit	121578
celelalte	121518
documentele	121161
anual	121009
bunurilor	120683
instituții	120641
referință	120340
sensul	120301
necesar	120152
unități	119935
asigura	119342
durata	119304
probleme	119043
aprobate	118843
stabilirea	118504
documente	118380
acțiuni	118063
continuare	117719
drepturi	117418
datele	117405
conducere	117177
completă	116883
calitatea	116572
ion	116566
administrație	116520
protecție	116461
termenul	116430
președintelui	116404
utilizarea	116142
aparține	115940
cuprinde	115518
acordul	115477
statul	115444
măsurile	115231
lucrări	114102
nimic	113987
administrația	113982
naturale	113963
datelor	113831
dumnezeu	113620
oameni	113592
doua	113458
fiscală	113451
dreptului	113436
personalul	113390
sens	113368
județene	112955
meu	112887
piață	111596
trebui	111348
luna	110877
profesionale	110593
forma	110584
instituțiilor	110554
curtea	110438
adresa	109955
norme	109559
asistență	109372
funcționare	109002
modificări	108760
instituțiile	108388
cărora	108150
competente	108051
dispune	107866
act	107512
finanțare	107499
om	107436
cazuri	107425
contul	107390
exclusiv	107209
durată	107127
toată	107010
anterior	106989
nouă	106917
bună	106820
pune	106721
căror	106709
luat	106341
asigurarea	105948
agenția	105852
limba	105600
efectuarea	105569
conținutului	105536
activităților	105400
cont	105135
realizate	105093
cercetare	105085
investiții	105067
procedura	105000
președintele	104902
lumii	104892
cheltuielile	104879
înregistrare	104767
conținutul	104432
structura	104024
mediului	103700
com	103675
cheltuielilor	103551
socială	103502
aprobată	103079
principal	102872
penală	102766
regim	102765
domiciliu	102650
protecția	102510
aproape	102369
română	102307
poziția	102282
îmi	102260
economice	102162
destinate	102043
bugetului	101824
cap	101714
aprobat	101712
intrării	101642
sfârșitul	101563
născut	101528
mici	101463
încheiat	101361
legate	101307
publicare	101306
casa	101276
atribuții	101088
cererii	100946
total	100812
informațiile	100807
vieții	100725
titlu	100695
procedură	100671
interes	100634
iași	100489
altfel	100213
tratament	100174
da	99930
autorității	99652
membrii	99560
rugăm	99431
constată	99148
caracter	99131
reprezentând	99106
puncte	99073
completează	98834
limita	98819
deja	98808
activitățile	98732
funcția	98449
euro	98415
dezvoltare	98378
local	98307
civilă	98259
necesară	98247
intră	98234
ediția	98123
acte	98045
propriu	97793
stare	97763
cee	97705
instanța	97131
articolelor	97076
economic	97069
centrale	97060
judecată	96923
punctele	96815
controlul	96693
drepturilor	96643
bun	96257
drepturile	96065
rezultate	96038
finanțelor	95821
maximum	95680
actual	95516
statele	95421
târziu	95419
scrise	95419
începând	95107
anexei	95107
politice	95007
câte	94767
tehnică	94715
comun	94616
obținute	94477
nevoie	94452
gradul	94323
unității	94102
trecut	94068
membrilor	93783
ziua	93577
unităților	93512
pare	93481
si	93208
sînt	93093
produs	93077
mulți	93042
george	92888
aibă	92793
organizare	92617
evaluarea	92235
conținut	92212
european	92055
părților	92028
ta	91969
executare	91909
până	91856
credite	91732
administrarea	91717
and	91709
mică	91636
ordonanță	91517
siguranță	91517
curs	91374
stabilesc	91278
acordarea	91223
articolele	91032
lume	90982
prezența	90799
asigure	90760
asigurare	90740
schimb	90578
cod	90537
sectorul	90470
gheorghe	90420
precum	90416
risc	90349
cazurile	90241
față	90202
continuă	90115
zona	90067
noastră	89958
lista	89955
obligatorie	89743
republicată	89599
medicamente	89051
îndeplinirea	89017
lumea	88957
anii	88951
autorizației	88946
modificarea	88847
contractul	88780
calității	88635
ora	88505
condițiilor	88468
stabilită	88334
ține	88243
politică	88242
regulament	88046
literare	87890
ml	87856
totul	87825
evidență	87779
gmail	87633
temeiul	87583
denumirea	87571
moment	87529
prezentarea	87526
seama	87473
totală	87227
beneficiază	87162
confluente	87124
solicită	87000
normele	86931
căreia	86858
timpul	86817
utilizare	86520
economici	86426
transmite	86305
nicolae	86302
procedurii	86298
promovarea	86241
aplicabile	86183
indiferent	86054
documentelor	86038
printre	85997
bugetare	85687
directă	85542
singur	85390
casele	85346
multor	85322
obligațiilor	85241
înseamnă	85178
deși	85064
imediat	85045
apar	85026
mihai	85026
deoarece	85001
măsură	84970
cuprinse	84887
membri	84796
român	84695
străinătate	84641
patru	84554
contribuție	84517
aceștia	84514
aș	84472
fizică	84312
noastre	84275
programelor	84165
căruia	84129
voi	84116
publicării	83856
autorităților	83647
produsele	83603
primite	83505
energie	83208
primit	82721
origine	82710
contribuția	82637
li	82609
române	82480
plus	82422
elemente	82369
situațiile	82201
administrare	82154
anexă	82107
muncii	81598
executarea	81486
niște	81432
mijloace	81397
obligațiile	81372
importantă	81019
motive	80822
încheierea	80782
mi	80745
identificare	80639
ioan	80576
ultimul	80553
devenit	80445
fiecărui	80360
sumelor	80313
prețul	80109
coloana	80083
funcționarea	79896
celui	79788
pus	79554
întrucât	79533
operațiuni	79517
direcția	79309
proiectului	79303
pagina	79219
organele	79101
producție	79070
perioadei	79067
programului	79025
menționată	79015
decizie	78934
funcții	78827
supuse	78792
agenției	78735
legislației	78604
titlul	78500
lunii	78471
totuși	78427
prezentate	78364
practică	78052
umane	77867
medicul	77858
procesul	77775
organul	77747
superior	77632
solicitantului	77441
săi	77400
veniturile	77324
informațiilor	77237
introdusă	77218
condiția	76986
creșterea	76961
niciodată	76772
tratamentul	76743
ajuns	76713
state	76698
organizează	76687
competența	76450
conține	76259
lua	76232
contractante	76088
legislația	75978
rămâne	75976
actele	75938
putut	75924
văzut	75843
vorba	75824
acțiune	75815
supraveghere	75750
ultima	75646
confluențe	75527
adică	75481
construcții	75463
categorii	75452
acea	75442
ușor	75403
interne	75395
realizat	75358
înregistrate	75130
fiul	75060
țări	74993
români	74898
tu	74881
aduce	74847
programe	74795
pacienții	74734
măsurilor	74661
plan	74594
mic	74584
judecător	74579
judecătorești	74564
depune	74507
permite	74432
ochii	74371
rămas	74336
arată	74274
conturilor	74198
militare	73990
funcționează	73971
abrogat	73924
permanent	73752
milioane	73749
președinte	73662
natura	73636
director	73585
copie	73524
externe	73491
următoare	73414
administrativ	73414
teritoriale	73354
site	73122
format	73098
kg	73093
vezi	73092
masă	73079
datorate	72983
fonduri	72960
calcul	72926
program	72610
sine	72597
germania	72587
unitatea	72572
contractelor	72565
acționarilor	72519
autorizate	72376
societate	72239
război	72078
cărui	71975
singură	71932
securitate	71882
cerințele	71879
competentă	71794
animale	71708
instituției	71698
grup	71696
timișoara	71693
anume	71681
folosite	71631
înregistrează	71630
țel	71502
in	71496
integrantă	71485
aflat	71478
declarat	71452
vi	71451
sume	71426
capital	71306
situație	71294
raportul	71251
doilea	71230
devine	71175
casă	70960
spitalul	70929
deschis	70910
posibil	70909
procesului	70898
cuprinsul	70820
tehnic	70765
primirii	70727
vedea	70709
calitate	70681
valori	70588
posibilitatea	70479
lucrătoare	70358
teren	70304
șef	70246
respectivă	70203
management	70177
exercitarea	70111
medic	70083
suplimentare	70041
profil	70000
acel	69998
existente	69916
autorizat	69785
dă	69764
agricole	69702
listă	69648
actul	69617
propunerea	69605
obținut	69514
individual	69445
carte	69405
cere	69368
decizia	69208
cărei	69081
principiile	69052
copilului	69040
cînd	68899
lucrările	68862
greu	68800
țara	68635
prezent	68513
normative	68430
articol	68345
bani	68098
similare	68089
familiei	68076
nostru	68060
final	68010
lunar	67925
curții	67925
știu	67863
anuale	67824
desfășurarea	67679
regimul	67660
oamenii	67613
societatea	67516
economică	67410
existența	67395
tva	67384
țării	67377
parțială	67331
ajutor	67292
scurt	67287
celei	67237
considerare	67233
formare	67188
forme	67177
răspuns	67103
numit	67054
comune	66947
instanței	66915
obligații	66882
acces	66879
ni	66842
societăți	66808
ordine	66774
bunurile	66773
reglementărilor	66770
fondurilor	66645
înainte	66618
eliminarea	66567
dispoziția	66508
rând	66483
începutul	66390
editura	66341
jumătate	66299
participare	66291
fondul	66197
normelor	66161
întregime	66115
funcție	66064
hotărâri	66029
secretar	66027
fiica	66023
referă	66001
nume	65888
spun	65879
maria	65846
astăzi	65770
utilizează	65576
înțelege	65562
cred	65557
pregătire	65412
ulterior	65265
datorită	65232
întreaga	65163
începe	65163
afaceri	65143
proiect	65142
unitate	65127
îndeplinește	65115
încheiate	65090
fond	64918
alta	64740
domeniu	64565
constantin	64554
tale	64540
internațional	64515
departe	64513
tine	64405
avizul	64265
știe	64255
proprie	64174
excepției	64156
institutul	64147
categoria	64147
propria	64128
parlamentului	64120
ordonanței	64030
transportul	63950
important	63903
lună	63880
furnizorii	63798
raport	63787
active	63768
fiecărei	63762
duce	63675
voturi	63674
guvernul	63631
bazează	63455
mii	63217
controlului	63141
intern	63090
destinație	62967
programul	62953
automat	62930
solicitarea	62838
excepție	62681
putere	62663
publici	62518
actului	62474
contracte	62429
răspunde	62402
alți	62379
starea	62312
răspundere	62025
acordat	62022
elaborarea	62010
serviciului	62004
scrisă	61979
vârsta	61953
termenului	61940
tipul	61888
scopuri	61883
asigurărilor	61824
efectuat	61735
vii	61677
sesizarea	61667
vom	61439
mele	61435
conducerea	61324
cinci	61284
luate	61283
vrea	61151
încheie	61053
obiect	60977
personalitate	60944
pensii	60928
comunică	60909
integrală	60834
jo	60794
vasile	60781
clasa	60733
specială	60663
dispoziție	60621
autori	60618
îți	60538
execuție	60529
dezvoltării	60525
finanțate	60496
actelor	60432
contului	60421
înlocuirea	60418
comerțului	60402
taxei	60370
individuale	60364
financiară	60360
taxa	60336
scrie	60256
dovada	60148
cunoscut	60104
apare	60046
medicului	59954
relații	59831
locuri	59738
omului	59705
modificare	59551
vreme	59464
proceduri	59363
solicita	59348
avem	59227
comunicare	59176
vârstă	59090
proces	58963
inițial	58950
intrarea	58903
românești	58892
eliberarea	58833
importante	58760
copiilor	58745
mircea	58734
prezenței	58586
mereu	58574
trece	58542
justiție	58530
apel	58520
politic	58462
dumneavoastră	58425
obligat	58425
casei	58421
stabili	58323
electrice	58301
registrul	58279
efectua	58090
exploatare	58066
juridic	58032
executării	58019
administrative	57977
prezentat	57973
adevărat	57967
concurs	57909
ordonanțe	57891
aceleași	57768
existent	57712
integral	57710
proiecte	57646
elaborează	57633
întocmește	57611
revistei	57589
circulație	57570
populației	57507
rol	57477
limitele	57437
capacitatea	57412
daca	57307
aparținând	57296
considerate	57282
neapărat	57226
acțiunilor	57216
rezultatele	57158
înregistrat	57146
acasă	57132
substanțe	57123
punerea	57087
alexandru	57054
primele	56990
dau	56954
minim	56951
liber	56938
corespondență	56863
analiza	56811
cartea	56757
furnizare	56756
include	56756
tratamentului	56724
piața	56724
născută	56660
vot	56647
asistenței	56633
vânzare	56609
cine	56590
serie	56500
permisă	56406
distribuție	56402
nefiind	56395
penale	56350
recomandări	56347
obținerea	56341
sanitară	56325
litera	56324
impozitul	56312
rău	56307
statelor	56298
dispoziții	56123
identității	56121
cuvinte	56111
bune	56087
operațiunilor	56084
numărului	56034
boli	55959
profit	55955
rândul	55938
ați	55900
autorii	55811
europeană	55755
evidența	55753
deci	55629
ue	55605
constituție	55588
maxim	55551
directiva	55449
putem	55212
încetarea	55190
electronice	55138
ești	55099
obține	55095
tocmai	55070
autorizare	55040
proiectelor	55037
participarea	55025
propune	54973
nimeni	54931
suprafață	54901
dus	54855
implementarea	54852
document	54819
paris	54816
prevede	54815
didactic	54772
introduce	54771
îndeplinesc	54768
profesional	54675
preț	54633
răspunderea	54609
alții	54599
definitivă	54597
verificarea	54595
înregistrarea	54474
valorii	54439
surse	54410
răspunderii	54339
medicamentelor	54329
ștefan	54166
medicină	54166
resurselor	54052
tipuri	53949
vamale	53860
veniturilor	53849
materialelor	53838
relație	53811
personală	53803
străine	53749
rolul	53655
ajunge	53638
copil	53620
certificatul	53610
orașul	53603
obligatoriu	53511
evaluări	53503
decît	53342
copiii	53305
unii	53296
creștere	53294
semnat	53275
înaintea	53269
vreo	53263
județean	53240
octavian	53216
oferă	53137
simplu	53056
utilizat	53004
organelor	52976
conduce	52908
material	52810
europa	52782
înscrie	52716
reprezentant	52657
instanță	52649
emis	52634
aplicării	52621
viii	52607
atribuțiilor	52581
altul	52575
punere	52540
poată	52507
emite	52435
căci	52386
civile	52372
teritorială	52360
depășește	52353
omul	52327
efect	52300
întreținere	52244
înscrise	52241
uneori	52216
accesul	52173
suspendate	52129
raportare	52108
lupu	52099
maximă	52073
făcute	52069
hotărârii	52068
implicată	52010
centrală	51876
et	51850
vine	51837
materie	51812
normativ	51505
facebook	51499
colegiului	51489
soluționarea	51468
didactice	51464
societățile	51445
culturale	51404
comunității	51391
comentarii	51386
fondului	51353
încât	51332
ministru	51322
elementele	51297
paraclinice	51266
minimum	51263
acele	51241
aveau	51216
aferentă	51179
municipiul	51062
dea	51041
anticipat	51015
aproximativ	51004
siguranța	51002
probabil	50950
studiu	50949
susține	50929
completarea	50929
făcută	50878
instituția	50869
magistraturii	50796
mediul	50739
lung	50673
oricare	50625
exercită	50622
societăților	50599
identitate	50590
privat	50525
organizate	50522
asumarea	50471
intervenție	50469
medicii	50462
depuse	50365
puterea	50352
produsului	50334
opiniile	50274
eliberat	50264
vechi	50237
apelor	50217
produce	50115
încălcat	50104
educației	50056
iau	50056
determină	50051
cetățean	49973
clinice	49966
complet	49958
diverse	49851
forță	49830
felul	49809
efectiv	49783
azi	49768
constituite	49743
acordării	49729
săptămâni	49697
solicitate	49697
planul	49607
model	49594
retrase	49530
gaze	49526
grad	49522
comunitare	49515
etnică	49504
rezultat	49451
reglementările	49446
electrică	49437
comună	49428
justificat	49289
cărți	49285
oricărei	49203
adăugată	49188
issn	49154
primirea	49153
contestate	49115
nerespectarea	49065
analiză	48972
participă	48919
mama	48913
rezultă	48910
folosit	48897
finanțarea	48856
google	48826
km	48820
furnizorului	48793
componente	48737
atribuțiile	48701
legătură	48665
certificat	48606
organizații	48591
remediere	48486
mâna	48458
menționat	48316
vin	48285
operațiunile	48264
vreunui	48168
expirarea	48131
furnizate	48112
puse	48057
reducerea	48053
electronic	48047
aferent	48042
titluri	48028
calendaristice	48000
consum	47961
direcției	47946
impozitului	47944
majoritatea	47906
animalelor	47851
declarație	47836
private	47820
alimentare	47811
fusese	47781
pacienți	47776
autoritate	47750
curent	47740
volumul	47706
proprietatea	47660
ordinea	47625
prenumele	47615
încheierii	47611
apărut	47599
valoroase	47582
minute	47485
valorile	47458
proiectul	47414
valabilitate	47405
obiectivelor	47379
autorități	47358
achiziție	47308
clar	47304
conturile	47251
criteriile	47201
taxe	47173
comentariile	47105
calea	47045
multă	47035
instalații	47000
decizii	46958
moartea	46952
cineva	46943
responsabilitatea	46907
relevante	46904
acorda	46901
creanțelor	46872
dorești	46819
drum	46813
obiective	46796
colaborare	46784
electorale	46769
istoria	46739
vamal	46718
catalogul	46673
situației	46654
trimiterii	46597
apărare	46587
mijloacelor	46584
efecte	46550
penal	46492
văd	46479
oraș	46420
editoriale	46405
deține	46385
principale	46363
informare	46319
organe	46217
cercetării	46177
aprobare	46140
creațiile	46081
mulțumim	46045
măsura	46033
des	46031
laborator	45957
funcției	45927
ambele	45901
plății	45899
cultură	45869
pământ	45855
considerat	45852
autorul	45843
audit	45809
realizării	45806
învățământul	45800
instrumente	45795
scrierilor	45751
științifice	45737
telefon	45714
ridicat	45698
calculează	45680
regulamentului	45658
înregistrării	45657
desemnat	45652
declarația	45641
procedurile	45626
operator	45626
pînă	45613
fixe	45611
acela	45591
directorul	45585
instituție	45571
efectuării	45556
ocazia	45549
femei	45484
păstrează	45456
spațiul	45453
ceilalți	45448
folosirea	45440
programele	45398
pseudonim	45381
următor	45292
statut	45274
talentați	45118
deciziei	45095
completări	45091
celorlalte	45088
procedurilor	44993
casație	44989
adus	44962
asigurat	44817
subordinea	44805
specifică	44799
examen	44783
verificare	44743
coordonarea	44740
comercială	44738
adevăr	44725
activate	44707
fapte	44689
împărtășite	44681
interesul	44649
relațiile	44587
publicația	44576
ștergere	44562
eliberează	44551
desfășurate	44550
zis	44548
mp	44533
identificarea	44522
rezultatelor	44499
contractuale	44484
reglementare	44450
postare	44415
rasială	44381
părții	44360
trimiți	44357
reușit	44355
obligatorii	44353
inactive	44296
efectuată	44262
certificatului	44261
uman	44257
central	44187
import	44157
locului	44131
realiza	44131
intra	44115
exemplare	44036
reprezentantul	44035
mijloacele	44015
educație	43970
pinterest	43946
pregătirea	43933
respecte	43933
poți	43922
incluse	43875
lucruri	43854
impozabile	43808
poartă	43806
abonare	43800
întârziere	43799
susții	43773
apariția	43743
consultați	43736
resurse	43689
semnalați	43659
îndrăgiți	43640
finale	43635
text	43630
distribuirile	43622
spațiu	43619
net	43618
comentează	43605
plătite	43589
mergându	43579
promovezi	43564
fondatori	43553
contrasemnează	43532
contorizate	43529
aplica	43517
exemplar	43495
realizată	43477
semnalezi	43469
pieței	43467
linkedin	43465
rezervate	43459
disqus	43445
capul	43381
trebuia	43373
parțial	43328
camerei	43278
inspecție	43277
serviciul	43231
transmise	43213
revin	43209
oficiu	43209
egală	43208
competențe	43185
acțiunile	43144
timpului	43136
impune	43115
sisteme	43096
întocmit	43061
anterioare	43014
specializate	42960
echipamente	42953
centrul	42943
găsit	42934
sprijin	42934
românesc	42924
amendă	42922
domnul	42900
suspendarea	42891
franța	42809
excepția	42777
medie	42775
utilizării	42764
personale	42614
normal	42594
standard	42591
furnizor	42580
țările	42578
suprafața	42508
militar	42502
mm	42467
specific	42459
reglementate	42433
ideea	42396
regulă	42394
secolului	42378
orașului	42346
formarea	42342
considerată	42339
aer	42301
ridicată	42292
însoțită	42284
publicarea	42227
sumei	42215
școlare	42199
secția	42178
desfășurării	42156
implicate	42143
ședința	42125
rutier	42085
rezultatul	42060
însuși	42056
lumină	42051
dosarul	42044
eliberate	42039
școlar	42012
contra	42001
dan	42000
gazelor	41993
mână	41974
protecției	41973
îndeplinite	41844
acțiunea	41806
majoră	41805
deținute	41800
școală	41750
deschise	41745
intrat	41697
recuperare	41679
original	41665
adaugă	41657
noapte	41607
notă	41571
cuprinzând	41554
zonă	41549
producția	41517
profesor	41490
întotdeauna	41467
civil	41464
presupune	41452
abia	41382
poziție	41347
brașov	41278
monitorizare	41273
libertate	41264
probe	41230
metode	41191
spuse	41189
urmat	41180
afla	41174
motiv	41107
capitalul	41106
fondurile	41080
aplicate	41064
perioade	41061
procurorului	41054
participa	41027
competență	41002
prevederi	40897
lucrurile	40889
taxă	40887
următoarea	40826
suport	40825
justificative	40815
curente	40788
medicamentului	40787
minime	40779
apei	40760
lungul	40748
prevenirea	40744
obicei	40719
medicilor	40709
profesiei	40708
trimitere	40669
eram	40668
familia	40628
energiei	40628
drumul	40617
valorilor	40617
electronică	40587
consecință	40560
tel	40529
asigurării	40510
comitetul	40485
cale	40474
competent	40474
urma	40449
repede	40427
textul	40424
grupului	40395
cantitatea	40361
deputaților	40360
disponibile	40350
stării	40324
conțin	40311
condus	40286
constatare	40236
zonele	40222
urmărire	40222
lipsa	40208
internațională	40187
sfârșit	40160
contact	40151
determinat	40147
structurile	40133
șase	40099
lângă	40091
garanție	40052
liberă	39994
considera	39983
artă	39897
traian	39874
următoarelor	39849
criterii	39799
întâi	39797
cam	39773
umană	39754
solicitat	39737
coordonează	39705
suntem	39703
regimului	39660
zone	39658
încetează	39644
furnizorilor	39631
românească	39627
articole	39622
debitorului	39552
părea	39537
mișcare	39493
banca	39421
prezinte	39420
eminescu	39404
adunării	39395
temporară	39374
afară	39327
aspecte	39295
definite	39294
contabile	39272
sistemelor	39254
situațiilor	39246
fața	39230
sintagma	39228
distanță	39142
cer	39123
soluție	39018
contractele	38999
comitetului	38980
interesate	38941
domeniile	38931
lemn	38924
adunarea	38911
autorizarea	38883
valută	38808
imobile	38794
aur	38775
superioare	38759
moarte	38750
fiindcă	38738
prevăzuți	38735
îndeplinire	38723
corporale	38681
handicap	38647
oamenilor	38629
înființarea	38610
rezervă	38563
determina	38559
certificate	38543
determinarea	38529
structuri	38528
partid	38520
victor	38510
referire	38477
cereri	38463
puternic	38452
sânge	38433
inițială	38428
contravaloarea	38408
determinată	38405
activ	38381
istorie	38344
atrage	38336
roca	38275
problema	38226
organului	38187
hârtie	38185
transportului	38138
termenele	38110
capitalului	38108
angajat	38106
înțeles	38093
comunicării	38071
radu	38064
reprezentanții	38037
poliție	38017
supravegherea	37999
culoare	37984
efectele	37971
cauzei	37958
limită	37957
mijloc	37939
sportive	37930
precedent	37905
cluj	37901
privată	37883
organizat	37875
atac	37866
evenimente	37831
aduse	37819
sufletul	37787
egal	37731
eligibile	37729
celălalt	37713
trecerea	37687
oră	37681
ochi	37675
experiență	37649
dispozitive	37625
evaluării	37623
menținerea	37610
cît	37581
constă	37572
îngrijiri	37566
istorice	37553
fiu	37542
cerințelor	37536
diferența	37529
riscului	37527
pacienților	37484
alocate	37481
acasa	37459
obligați	37445
gratuit	37442
medicamentele	37442
cetățenilor	37442
posturi	37440
categorie	37428
rata	37412
cauza	37409
to	37402
asistența	37390
studiilor	37360
cazurilor	37356
acordare	37353
sibiu	37344
bibliografică	37338
pierdut	37310
plecat	37243
internă	37239
activelor	37231
cunoștință	37197
procuror	37196
clinic	37151
mărfurilor	37139
institutului	37104
îndeplinească	37075
clădiri	37042
tare	37028
tău	37017
femeie	36994
încadrarea	36945
transmiterea	36943
furnizarea	36917
necesită	36907
venitul	36882
decide	36877
agent	36871
judiciare	36840
naștere	36820
primar	36803
documentația	36788
silită	36788
revine	36749
documentul	36738
culturii	36738
depăși	36733
raportului	36690
statutul	36676
primă	36667
anumită	36647
relația	36638
dețin	36623
adecvate	36619
sumă	36618
băsescu	36603
îndeplinirii	36593
masa	36593
numește	36571
încasate	36546
boală	36539
soluționare	36520
seria	36506
aflați	36498
mobile	36466
autorizația	36461
raportate	36450
succes	36421
adesea	36397
cooperare	36397
cost	36371
adoptată	36368
cultural	36361
făcea	36284
comunicarea	36276
nicio	36271
monitorizarea	36224
judiciar	36218
joc	36215
munca	36201
parcă	36144
sector	36131
problemele	36127
suficient	36100
separat	36073
secolul	36055
elaborate	36053
volum	36023
uz	36021
publicate	35977
luarea	35923
constituit	35917
informează	35909
export	35896
vremea	35868
plin	35850
instalațiilor	35849
vânzarea	35848
reglementări	35840
beneficiar	35834
anumit	35784
licitație	35777
datei	35775
pericol	35762
autorizați	35746
biroul	35701
ridică	35693
valabil	35665
împreună	35658
asociate	35648
superioară	35590
lăsat	35564
numeroase	35548
regionale	35539
urmând	35537
oficiale	35513
modelului	35510
luptă	35509
terțe	35493
modelul	35487
bugetele	35473
șeful	35464
fax	35453
realitate	35418
zilele	35394
caselor	35365
propus	35358
capacitate	35349
satul	35315
implementare	35314
schimbarea	35308
pună	35301
lumina	35271
lasă	35259
spital	35256
protocol	35134
riscul	35127
licență	35112
depunerea	35092
execută	35084
agenții	35063
constituția	35062
acordată	35048
închisoare	35026
trimis	35008
sursă	34993
pun	34961
cazului	34955
motivele	34944
adoptate	34917
crescut	34906
posibilă	34886
operatorul	34868
conturi	34866
implică	34814
apărării	34806
rețea	34794
verifică	34746
obiectivele	34734
locală	34724
depunerii	34720
greutate	34710
intrare	34707
producerea	34704
publicitate	34694
problemă	34687
timiș	34679
publicului	34675
lungă	34666
direcțiile	34655
instanțelor	34639
treia	34630
reprezentanți	34626
frumos	34606
convenție	34597
elementelor	34597
titlurilor	34584
auto	34581
periculoase	34562
oficiul	34559
republicii	34530
viitor	34500
capitol	34493
obiecte	34489
desfășurare	34468
finală	34450
film	34393
tabelul	34386
capacității	34358
mașini	34355
post	34337
creanțe	34306
furnizori	34298
cuvânt	34298
pur	34251
jurnalul	34249
sanitar	34240
funcțiile	34216
buget	34210
atenția	34193
stabilire	34163
atestă	34160
științifică	34156
media	34114
bancare	34099
datorează	34086
elevilor	34047
cealaltă	34046
realizare	34013
economiei	33991
constituirea	33964
executiv	33943
respectă	33928
literatura	33887
sarcini	33860
operatorii	33791
fundamentale	33732
putin	33714
înregistrată	33705
primei	33693
susținerea	33637
exact	33604
denumit	33601
contractuală	33596
apa	33582
transfer	33570
www	33567
situate	33554
centru	33538
săptămână	33522
urmărește	33501
zece	33480
domenii	33465
vechime	33455
regulile	33423
organizațiilor	33395
performanță	33390
limbă	33378
industriale	33375
justiției	33361
mandatului	33356
adverse	33354
teritoriului	33351
situat	33331
primire	33326
ocupă	33326
construcțiilor	33316
faci	33296
atingere	33276
șomaj	33257
îndată	33254
arătat	33213
furnizorul	33203
științific	33196
comercial	33181
infracțiuni	33138
locuințe	33131
literară	33124
prime	33064
plătit	33064
sat	33059
oricărui	33051
interese	33035
impozabilă	32997
beneficia	32926
permită	32921
istoric	32916
introducerea	32912
dorește	32907
entități	32907
comunicat	32902
universitar	32897
dispus	32843
înscris	32826
semnătura	32806
crește	32805
ambulatoriu	32790
exercițiului	32786
codului	32784
acțiunii	32783
gestiune	32778
studiile	32758
tineri	32738
inima	32724
primește	32683
continua	32645
chișinău	32582
evoluția	32572
spitalizare	32518
real	32506
plăți	32490
copilul	32487
stau	32482
grijă	32479
rețeaua	32470
terenurilor	32444
ocupația	32442
atenție	32437
transferul	32406
sigur	32394
noaptea	32382
temporar	32369
deasupra	32366
judecătorească	32364
aprobării	32352
legală	32350
întreprinderi	32347
foc	32329
produsul	32283
zice	32228
reprezentat	32222
rămân	32221
mărfuri	32214
categoriile	32208
dumitru	32182
permanentă	32153
scurtă	32121
paragraful	32080
privește	32068
ix	32041
sprijinul	32032
totale	32006
deveni	31990
forței	31942
efectueze	31941
producției	31933
ultimele	31925
anexele	31906
materialele	31898
ultimii	31878
sua	31871
cerut	31860
reale	31852
asociere	31826
politici	31814
plină	31796
structurilor	31730
urmărirea	31725
exista	31723
principiul	31722
întocmirea	31707
județului	31683
structurii	31657
elena	31617
universitare	31609
comuna	31607
semn	31600
grade	31587
autorizație	31585
criticate	31565
impozit	31549
ha	31546
emiterii	31515
primi	31495
distinct	31488
denumită	31487
minimă	31463
activă	31460
ședință	31455
teritorial	31446
rămase	31404
funcțiilor	31378
mei	31378
picioare	31371
delegat	31370
alegerea	31367
paul	31358
indică	31342
înlocuiește	31333
comisiilor	31311
subordonate	31306
afecțiuni	31300
exercitării	31258
andrei	31255
construcție	31176
asimilate	31173
salariul	31168
obligației	31144
cererile	31141
autorizată	31128
spații	31120
pierderea	31099
linie	31083
petru	31052
funcțiune	31049
italia	31040
independent	31032
anuală	31029
universitatea	31014
aveam	30992
întocmite	30980
concordanță	30978
periodic	30964
factori	30940
opera	30935
beneficiarul	30928
crearea	30912
existenței	30857
carne	30852
vamală	30844
includ	30843
contractate	30836
sarcina	30835
cameră	30828
suflet	30786
convenții	30780
cunoaște	30747
noul	30726
costurile	30714
agriculturii	30687
internelor	30658
diagnostic	30658
transporturilor	30654
clasificate	30636
disciplină	30627
țin	30619
vol	30617
depășească	30614
impuse	30612
elevi	30609
vreau	30591
deloc	30582
faptului	30548
curând	30546
înscriere	30546
știi	30500
murit	30499
natural	30492
vede	30486
afacerilor	30485
încălcarea	30470
politica	30458
folosi	30444
utiliza	30438
bancă	30425
recunoscute	30383
sănătatea	30378
supusă	30368
cererilor	30341
ținând	30313
procurorul	30309
măsurii	30299
semnătură	30290
oficială	30283
cuantumul	30273
propuneri	30259
apreciază	30247
religioase	30243
salarii	30211
garantare	30199
corect	30143
grupuri	30132
organizațiile	30131
veterinar	30077
propuse	30037
asociat	30019
col	30011
titlului	30010
mureș	29998
taxelor	29992
veterinare	29973
atribuire	29972
austria	29968
brut	29955
grupul	29949
niciun	29926
moldova	29912
alimentelor	29895
cunoscute	29875
analizează	29871
deșeurilor	29869
constituționale	29842
simplă	29821
proba	29795
gestionarea	29782
dosarului	29773
declarației	29763
accizabile	29752
trebuit	29733
vrut	29716
însoțite	29680
exercita	29679
europei	29647
nominală	29645
reține	29623
provenite	29622
realitatea	29586
altceva	29583
spunea	29582
reglementează	29574
comunei	29569
lunară	29569
împrumut	29565
beneficiari	29555
anilor	29553
imaginea	29547
domeniului	29539
importanță	29539
depus	29523
cuprind	29507
abrogă	29485
reprezentantului	29472
probă	29456
ocuparea	29446
adrian	29423
rază	29412
folosință	29398
reguli	29394
definitive	29384
directe	29382
finanțării	29381
tineretului	29380
specialiști	29370
recomandă	29367
criteriilor	29354
seamă	29352
colectiv	29349
desfășura	29342
alege	29323
veterinară	29313
preuniversitar	29308
cuprinsă	29288
derularea	29271
stă	29270
riscurilor	29264
facem	29252
noua	29245
terenuri	29244
definitiv	29242
republica	29216
grave	29215
spate	29210
font	29203
par	29201
zilei	29192
contextul	29181
privitoare	29162
părinții	29159
acționează	29157
ținut	29154
analize	29116
desfășurată	29107
prescripție	29098
raza	29089
primară	29084
aspect	29062
ăsta	29035
străini	29015
locurile	29001
electoral	28964
structură	28951
vehicule	28948
înscrierea	28947
încadrează	28928
totodată	28897
ți	28881
cuvântul	28875
pacientului	28849
curte	28827
eveniment	28823
închiriere	28796
consumului	28763
întreținerea	28753
călătorie	28733
lucrează	28721
convenția	28657
tatăl	28653
larg	28648
sistemele	28648
rog	28625
aparțin	28593
dovadă	28580
rece	28535
dosar	28521
medii	28516
clasă	28504
popescu	28472
linia	28467
marea	28462
investigații	28453
obiectiv	28433
ordinii	28420
organisme	28420
directorului	28418
simt	28412
vadă	28399
determinate	28389
faptele	28371
arad	28370
parlamentul	28364
selecție	28352
florin	28326
găsește	28312
câțiva	28294
solicitantul	28291
comunitar	28290
utilizată	28276
achiziționate	28257
găsesc	28257
atare	28254
transmit	28253
emiterea	28247
cursuri	28246
rambursare	28246
participat	28245
uneia	28245
schimbare	28203
pedepsei	28195
energetice	28187
beneficiarului	28186
oricăror	28185
locuinței	28181
fii	28180
ajutorului	28178
proiectele	28175
echivalent	28170
pescuit	28155
sintagmei	28147
modului	28127
asistent	28116
opinia	28106
atît	28102
modificate	28093
privesc	28090
încercat	28087
cetățeni	28078
operatorului	28077
literar	28074
reședința	28062
învățământului	28049
creat	28047
modifica	28030
plăti	28028
rapid	28027
plante	28025
trimite	28024
interesele	28006
doză	27988
celule	27987
documentului	27978
presă	27975
contribuției	27973
maxime	27967
funciară	27966
relațiilor	27955
contractantă	27930
mobiliare	27918
scrisoare	27909
achiziții	27900
constatate	27887
incidența	27885
pedepsește	27872
forța	27856
totalul	27854
restul	27847
seara	27846
evident	27827
soția	27821
supus	27815
crede	27806
rezerva	27795
aduc	27794
planului	27777
apărarea	27771
înalt	27771
caracterul	27768
degrabă	27757
radio	27735
întrebări	27729
contabil	27721
bunului	27703
concursului	27679
majore	27663
minte	27662
biserica	27662
constituțională	27661
investițiilor	27643
candidaților	27641
obținerii	27633
competențelor	27630
anterioară	27619
lapte	27587
chimice	27573
responsabil	27558
formulate	27540
operatorilor	27504
organism	27490
prioritate	27485
prestate	27479
sancționează	27457
exterior	27442
soluții	27439
imagine	27436
mie	27432
metoda	27428
permis	27423
comerț	27384
dobânzii	27382
centrele	27380
merge	27373
element	27369
cuprindă	27359
pas	27357
depozitare	27346
biroului	27315
srl	27291
birou	27269
viitoare	27267
urmăririi	27249
absolut	27242
rusia	27224
camera	27218
tratatul	27218
auzit	27192
acești	27174
transmis	27148
medicament	27140
securității	27138
menține	27134
necesitatea	27121
principiu	27118
cunoscută	27112
răspund	27107
datorată	27106
controlează	27093
idei	27089
roman	27087
cadru	27079
măsurare	27067
înaltă	27052
dragoste	27051
cerințe	27051
cuvintele	27003
limbii	27002
calificare	26993
băncii	26985
duc	26975
notificare	26974
prealabil	26965
destinat	26941
lunare	26939
zilnic	26931
respectării	26928
exploatarea	26905
formează	26903
centre	26890
tariful	26852
clipă	26844
semnificative	26842
populație	26819
certificare	26805
iată	26800
judecătorilor	26772
depun	26751
aplicată	26745
însăși	26736
hristos	26733
referitor	26719
constatat	26706
șapte	26695
susținut	26679
echipamentelor	26649
anumitor	26622
țină	26604
dolari	26597
patrimoniul	26597
mihail	26572
preluate	26567
elevii	26565
mandat	26554
rutiere	26549
independente	26540
cărții	26523
poezie	26516
politicii	26481
înmatriculare	26479
prezentele	26458
practice	26439
școala	26415
vei	26396
declarații	26351
vizează	26344
discuție	26342
costul	26331
postului	26329
caracteristicile	26327
terenului	26324
prezenți	26322
permanente	26319
muzică	26312
colegiul	26309
întreg	26294
valutar	26290
alb	26290
particular	26283
doresc	26275
încearcă	26254
raportarea	26253
numiți	26248
vreun	26242
corpului	26223
constanța	26222
cultura	26212
nivelului	26192
probelor	26190
termeni	26151
frumoasă	26151
începerea	26150
verde	26128
noștri	26123
luată	26120
devin	26107
anularea	26093
rețele	26075
licenței	26065
critică	26052
asiguraților	26051
îmbunătățirea	26050
televiziune	26036
subiect	26023
adoptă	26014
medici	25995
alcool	25995
reprezentată	25992
vină	25991
tratat	25991
semnificativ	25978
completare	25973
registru	25971
taxele	25971
pădurilor	25967
titularul	25944
case	25942
industria	25933
deschisă	25929
cota	25900
resursele	25897
populația	25893
formele	25883
examenul	25874
treilea	25864
sticlă	25863
obligată	25857
metodă	25851
deciziilor	25844
depună	25819
cm	25815
odată	25811
judecătorul	25796
reparații	25789
județ	25781
presiune	25776
cauze	25751
constitui	25744
lupta	25722
plăților	25720
sediu	25711
comisie	25708
calculul	25708
bugetar	25696
experiența	25693
beneficiarilor	25666
bărbați	25651
republicata	25649
amtsgericht	25647
recurs	25636
deschiderea	25624
încheia	25621
standardele	25596
reală	25589
instalațiile	25583
termică	25542
ana	25540
formularul	25529
normale	25521
corp	25516
domnului	25509
acoperirea	25508
regulilor	25500
ajutorul	25492
seară	25479
unică	25474
agricol	25468
judiciară	25466
vehiculelor	25463
gata	25451
for	25450
grupa	25449
absența	25448
aplicat	25441
proporțional	25439
contribuie	25430
nota	25418
creditelor	25414
înțelegere	25391
executate	25365
du	25347
accizelor	25346
compensare	25318
studiul	25311
comunicații	25298
infrastructurii	25297
asigurate	25287
galați	25280
vorbește	25251
examinare	25246
fabricație	25244
nerambursabile	25226
redusă	25220
metri	25215
instruire	25206
găsi	25195
asociații	25189
mondial	25163
adjunct	25157
calendaristic	25141
puterii	25118
legată	25094
femeile	25089
adecvat	25083
dorința	25079
consumul	25078
diferențele	25059
inginer	25056
garanții	25056
trafic	25056
perspectiva	25046
interior	25046
morții	25039
deciziile	25034
exprimate	25034
termenii	25028
spună	25023
acordului	25018
petre	25017
prețului	25016
franceză	25013
acorduri	25012
consiliilor	25003
agenți	24983
titularului	24952
normă	24951
limitată	24947
albă	24946
en	24945
zbor	24916
di	24906
conformitate	24888
valorificarea	24879
supune	24876
conducerii	24854
prețurilor	24852
unuia	24844
exprimă	24832
gen	24832
bărbat	24825
esențiale	24816
garanției	24810
militară	24807
implementării	24807
soluționează	24805
secundare	24798
ansamblu	24796
proprietari	24793
desemnate	24789
potențial	24788
reduce	24784
normală	24775
insulină	24766
știa	24759
imobil	24755
producător	24754
administrat	24747
informatic	24740
emisă	24734
rurale	24733
individuală	24733
interval	24724
influența	24724
oferite	24723
administrează	24723
cazare	24714
aflată	24707
aceluiași	24693
specii	24674
derulării	24671
celeilalte	24670
descrierea	24668
abilitate	24655
engleză	24649
mâinile	24637
doamna	24629
mers	24628
prevenire	24628
locuitori	24627
retragerea	24616
corespunde	24608
pace	24601
bolii	24598
est	24598
bisericii	24594
examenului	24591
organizației	24587
mențiunea	24582
istoriei	24562
dispuse	24535
specificate	24529
contractant	24527
întreprinderilor	24517
moldovean	24512
libertatea	24511
stabilirii	24510
folosește	24489
ex	24484
pierdere	24476
corectă	24475
comandă	24470
pedeapsa	24457
contractanta	24449
deșeuri	24447
place	24443
adoptarea	24441
frontieră	24436
eugen	24430
titular	24430
conexe	24417
expres	24416
oferit	24408
angajați	24406
similar	24394
contencios	24368
ordinului	24364
încredere	24358
păstra	24336
existat	24336
introduse	24335
carol	24319
problemelor	24310
roșu	24276
coordonare	24271
declară	24263
lipsă	24262
prealabilă	24256
finalizarea	24246
singura	24232
literaturii	24229
agricultură	24215
specialist	24198
naturii	24195
moderne	24190
recunoscut	24174
pagini	24147
per	24139
formula	24131
internet	24126
patrimoniului	24111
solicitării	24101
aveți	24097
miliarde	24088
teatru	24062
închis	24062
ieșit	24060
obligate	24055
promovare	24053
salariale	24028
afectează	24012
negative	24012
jur	24001
literatură	23987
aducă	23980
piese	23978
clase	23959
formată	23950
afectate	23935
uitat	23921
zise	23918
pensie	23911
valabilă	23895
înțelesul	23893
oară	23892
prelucrarea	23886
infracțiune	23883
corpul	23882
atestare	23880
reacții	23872
siguranței	23851
redus	23838
legile	23826
protejate	23821
flori	23814
cnas	23807
copia	23803
substanță	23792
trec	23785
rețelei	23783
inițiale	23753
intereselor	23750
reducere	23748
leasing	23741
negru	23736
cercetarea	23719
iubire	23716
privirea	23713
entității	23711
colective	23708
dobânzi	23664
modificării	23652
numeric	23631
vrei	23629
înlocuită	23620
întâmplă	23613
animală	23609
context	23599
permit	23598
prezentată	23580
întrebat	23570
prelucrare	23556
trecere	23552
tudor	23533
pierde	23533
managementul	23523
avocat	23511
organismele	23510
acid	23509
spiritul	23485
administrativă	23474
footnote	23468
bolnavilor	23450
verifica	23449
conflict	23443
încheiere	23420
efectul	23419
imobilului	23418
prezentare	23412
înapoi	23408
fizic	23387
libere	23387
cronică	23367
solicitant	23361
craiova	23355
diferențe	23346
semnează	23340
arme	23340
interzisă	23325
soțul	23321
responsabile	23316
instanțele	23310
funcționarilor	23296
hotărârilor	23284
entitate	23279
contabilitate	23264
reprezentanților	23251
suceava	23250
simple	23244
constituită	23237
primesc	23237
inventar	23222
singurul	23221
secretarul	23221
caracteristici	23217
semne	23214
daniel	23191
așteaptă	23180
asigurată	23175
școlii	23173
documentației	23169
aparate	23165
texte	23163
instrument	23158
bruxelles	23141
securitatea	23136
ibidem	23135
depusă	23131
producători	23105
trimestrial	23100
numerar	23095
ionescu	23074
organiza	23070
indicatori	23069
deschide	23061
scutire	23051
folosită	23048
străin	23045
ștampila	23042
exprimat	23033
capăt	23028
frecvent	23025
spitalului	22999
solicite	22986
părinți	22984
continuat	22982
fabricarea	22978
beneficiarii	22973
devină	22973
veche	22966
impozite	22961
tone	22961
făcând	22957
imagini	22953
autorizații	22951
grav	22942
administrate	22939
recunoașterea	22927
dreapta	22927
dreptate	22920
localitate	22911
abrogată	22880
apartamente	22862
numită	22853
identificate	22850
piatră	22847
procurorilor	22843
părinților	22835
debitul	22826
terenul	22820
puternică	22797
direcție	22790
aleși	22788
contabilă	22779
fix	22776
ușa	22766
comunice	22757
folosesc	22754
posturilor	22741
schimbat	22736
aparatul	22713
ponta	22693
costuri	22689
tehnici	22680
completa	22678
alineat	22676
reținut	22673
operațional	22673
marginea	22664
dispozitivelor	22659
poporului	22653
legat	22643
soluția	22611
lucrarea	22594
observat	22590
incluzând	22586
deosebite	22580
înaintează	22577
disciplinare	22556
standardelor	22546
cuvenite	22532
administrator	22530
sfera	22511
admise	22509
american	22505
nave	22505
pacient	22495
păstrarea	22495
beneficiare	22492
votare	22485
ansamblul	22473
costurilor	22470
aerian	22464
calculată	22460
orele	22439
certificatelor	22436
instrucțiuni	22433
întregul	22423
efectelor	22400
plățile	22375
expresia	22372
bolilor	22366
fructe	22360
aparatului	22353
suspendare	22352
datorii	22351
atâta	22330
trezorerie	22304
descoperit	22303
posibile	22298
comisiile	22292
răspunsul	22271
conducătorul	22271
apele	22263
căi	22260
deosebită	22237
energia	22236
banii	22234
cristian	22223
veni	22218
pierderi	22202
bacău	22192
adoptat	22184
iisus	22183
gestionare	22173
etapă	22172
marcat	22162
eficiență	22161
pusă	22145
cantitățile	22135
instrumentelor	22124
comunitară	22116
substanțelor	22100
admitere	22099
complete	22093
accidente	22091
astea	22084
accesului	22047
primului	22034
asiguratului	22026
gradului	22017
furnizează	22003
construit	21996
marin	21986
inculpatului	21978
salariaților	21969
aplice	21967
perfecționare	21964
datorat	21957
teritoriu	21954
eliberare	21944
însoțit	21936
tehnologice	21935
școli	21930
contribuții	21925
scăzut	21915
întors	21907
scenă	21880
conforme	21870
arăta	21865
înalta	21862
intervenit	21838
cetățenii	21833
oferta	21825
xix	21805
vorbit	21796
acorde	21759
plătește	21749
restituirea	21748
consultanță	21726
noroc	21711
faza	21707
registrului	21697
anunțat	21689
echipa	21684
garantate	21678
conțină	21676
intervalul	21665
informeze	21660
indicatorilor	21651
contribuabilului	21644
scăderea	21635
naturală	21634
funcționale	21633
lucrării	21630
terenurile	21621
stil	21620
argint	21613
debitorul	21606
comunica	21605
creditul	21605
privatizare	21600
acceptat	21596
impun	21595
reacție	21593
externă	21591
planurile	21579
comercializare	21576
decontare	21569
agenților	21561
metodele	21556
impact	21555
inspector	21549
senatului	21537
împrumuturi	21536
creează	21532
aproba	21531
sesizare	21523
organizată	21505
desigur	21499
militari	21493
știință	21488
legătura	21476
primare	21472
producerii	21466
listele	21464
dimensiuni	21459
depinde	21454
testare	21451
universității	21450
propriile	21449
legilor	21446
puteau	21446
prezentelor	21440
câștigat	21439
ministerelor	21428
creșterii	21427
autonome	21426
apariției	21424
uniunea	21423
citit	21419
relativ	21410
ridicate	21405
recunoaște	21404
consilier	21403
terapeutice	21403
întâmplat	21395
regional	21384
românilor	21381
desemnați	21377
practic	21375
electorală	21366
cumva	21366
scutite	21364
rapoarte	21351
exercițiu	21347
oare	21344
menționează	21343
oficiului	21342
culturală	21336
exercițiul	21330
sfântul	21313
conferă	21310
secții	21305
pronunțată	21301
terți	21297
încercare	21282
construită	21276
justificate	21264
provin	21257
cunoașterea	21256
secret	21256
măcar	21252
comunicate	21245
verificării	21242
înscriu	21242
stradă	21241
zahăr	21228
calculate	21228
simțit	21220
reglementată	21218
desfășurat	21216
informatice	21214
morală	21207
livrare	21205
vorbi	21181
alegerile	21152
doamne	21144
candidat	21132
votul	21123
bănci	21098
celorlalți	21092
vie	21087
depozit	21080
ieșire	21076
bugetelor	21075
suferit	21073
diferit	21062
compania	21054
identitatea	21051
modalitatea	21049
consumatorilor	21042
cadrul	21039
rd	21033
scos	21029
instanțe	21014
cunoștințe	21011
avizează	21010
prestarea	21001
simți	20994
consiliile	20991
londra	20990
psd	20986
indirect	20975
disponibil	20972
piele	20949
organismul	20949
directivă	20939
adresează	20935
circulației	20932
decis	20921
grupe	20918
teme	20904
dovedit	20902
venitului	20888
stabilească	20885
etape	20884
accident	20878
reprezentare	20874
pat	20865
destinația	20865
navei	20863
candidați	20854
dorit	20848
bunul	20829
lucrat	20828
distincte	20826
observă	20818
extern	20810
notificarea	20805
derulează	20804
vehicul	20803
definit	20798
participe	20792
tratați	20785
or	20779
precizează	20776
poet	20773
clinică	20770
frecvente	20764
lichidare	20755
transmitere	20751
doze	20748
statistice	20737
detalii	20736
războiului	20736
regiunea	20735
contravențiilor	20715
mintea	20708
comunitate	20703
aceleiași	20700
renală	20683
spirit	20670
sută	20666
expert	20660
poștale	20647
bolnavi	20640
avans	20636
folosind	20635
circa	20634
tulburări	20629
secție	20627
informației	20616
pildă	20613
lungime	20613
întreprindere	20598
fișa	20586
cunoștința	20573
gând	20559
trăit	20552
modalitățile	20544
notificării	20528
diplomatice	20526
prestări	20522
poezia	20517
îngrijire	20506
animalele	20497
periodice	20478
contestațiilor	20478
tânăr	20469
dentară	20464
cercetări	20451
refuză	20447
străină	20439
complexe	20439
explică	20421
hotărârile	20415
direcțiilor	20393
organ	20349
organizație	20347
directivei	20345
partidului	20344
obiectului	20321
tribunalul	20320
valabile	20301
proiectare	20294
negativ	20290
impunere	20286
construire	20283
integrat	20282
denumite	20274
doza	20274
paturi	20272
povestea	20258
sancțiunea	20252
criză	20244
stea	20235
înscriși	20231
depășesc	20226
angajament	20219
construcția	20217
derivate	20213
mamei	20206
colaborează	20201
tarifele	20199
recuperarea	20198
împlinirea	20196
pozițiile	20196
responsabilă	20195
raporturile	20187
largă	20149
echipament	20142
joacă	20142
economie	20142
suportate	20130
lucrare	20122
biserică	20121
declarate	20113
pregătirii	20111
decontării	20110
proceda	20107
calculat	20103
experți	20095
hotărât	20086
perspectivă	20074
obișnuit	20037
necorporale	20031
utilaje	20030
desfășoare	20024
funcționării	20020
adevărul	20018
dobândă	20015
soare	20013
contrare	20007
politicilor	20006
influență	20004
clienților	20001
strict	19999
practica	19997
david	19996
transmită	19994
exprimată	19987
temperatura	19985
cunoaștere	19985
proprietar	19979
depunere	19971
eficientă	19963
curți	19958
gura	19957
avizului	19946
obținută	19925
modele	19923
turism	19917
feroviar	19916
autovehicule	19908
concurenței	19905
auxiliar	19894
dimineață	19893
versuri	19888
eliberării	19886
livrarea	19884
manifestă	19878
teste	19875
recent	19865
propriul	19848
solicitată	19845
lansat	19838
buna	19837
acelor	19819
vis	19819
debitor	19810
desemnează	19809
dimineața	19807
organismului	19799
numirea	19796
plantelor	19793
populare	19790
durere	19771
concluziile	19760
oferi	19750
afirmă	19744
egale	19739
odihnă	19729
accize	19720
restituire	19717
cantități	19709
suporta	19699
acoperă	19697
vreodată	19696
perioadele	19696
linii	19695
majoritate	19694
produc	19692
imobiliare	19688
organizatorică	19687
constitutiv	19683
agentul	19683
dans	19674
vedem	19673
derogare	19671
suportă	19669
prezente	19668
funcționarii	19665
aia	19665
adevărată	19657
rămasă	19650
opt	19646
mașină	19632
http	19631
efectivă	19629
idee	19627
sancțiuni	19625
închiderea	19625
consultarea	19622
recunoaștere	19611
candidații	19600
combaterea	19597
prețurile	19594
sol	19590
inspectoratul	19590
prieteni	19589
bănești	19579
conducătorului	19578
intenția	19574
vorbesc	19571
lăsa	19552
critic	19550
familii	19544
aderării	19538
decontează	19536
spitalicești	19536
plătească	19523
interpretarea	19520
undeva	19515
vară	19514
israel	19513
încetării	19508
ofertei	19500
cauzele	19494
ungaria	19488
organismelor	19487
principii	19484
cărțile	19480
târgu	19463
constituției	19459
poziții	19452
înaltei	19449
trupul	19448
imobilelor	19443
schimbă	19436
întocmesc	19435
prețuri	19425
emil	19417
întregii	19411
oarecare	19409
reglementarea	19407
popa	19405
rezolvarea	19398
tarifelor	19397
drumuri	19392
întreprinderii	19385
păcate	19379
pnl	19378
punctului	19354
camere	19350
aminte	19329
primească	19321
sala	19311
funciare	19304
atinge	19302
dobândite	19300
principală	19290
artistice	19250
cunosc	19246
aspectele	19237
transilvania	19237
alineatele	19230
administratorul	19226
eliberată	19225
dreaptă	19225
femeia	19212
scriitor	19203
sală	19194
administrării	19192
căile	19184
tranzit	19181
vorbă	19180
uită	19173
adițional	19163
navelor	19157
reciproc	19155
termice	19154
xx	19143
suplimentar	19133
germană	19127
consemnează	19117
proprietății	19116
momente	19103
iubirea	19098
stadiul	19098
construite	19095
negociere	19093
plecare	19089
examinarea	19088
tarif	19085
puține	19072
terminarea	19072
voia	19061
viena	19059
gândul	19053
suficiente	19045
predare	19041
rezulte	19036
zonei	19023
indicatorii	19023
credință	19021
pdl	19019
angajator	19019
caută	19017
adulți	18999
câmp	18995
blaga	18987
paragraf	18982
comunist	18981
colectivă	18965
recomandată	18964
operaționale	18955
ocupat	18950
cumpărare	18948
continuarea	18943
on	18930
ajung	18929
organizării	18923
expertiză	18918
revista	18918
informa	18908
așadar	18903
colectare	18893
alegerilor	18886
factorilor	18879
sportului	18875
procent	18871
urmărit	18869
tratate	18859
perfect	18855
preventive	18855
apropiat	18852
insuficiență	18851
veți	18822
motivată	18807
săvârșite	18803
bolnav	18802
john	18798
statutului	18792
ape	18792
boala	18780
echivalentul	18777
sectorului	18770
grele	18769
xi	18764
restituie	18763
viitorul	18763
gură	18753
preparate	18752
obligă	18747
parchetului	18746
rapoartele	18745
adecvată	18739
definită	18738
principali	18733
cronice	18732
grigore	18732
concursul	18731
decontarea	18729
înființează	18723
materialului	18720
rămână	18712
indicat	18708
cerute	18706
picioarele	18689
facultatea	18679
ajungă	18676
separate	18671
susțin	18671
importul	18670
limbile	18659
dovedește	18657
limbi	18654
rezistență	18636
analizei	18633
prim	18631
scriu	18630
urbanism	18628
vehiculului	18626
ilie	18621
clasificare	18621
lucian	18613
postul	18610
spațiului	18608
atâtea	18606
achiziționarea	18598
pozitiv	18594
secției	18593
totalitate	18587
secundar	18580
planuri	18575
asociației	18571
comportament	18569
morale	18568
dl	18562
bucurie	18549
zic	18544
parlamentar	18541
apărute	18538
chip	18535
nord	18533
moldovei	18528
trăiesc	18522
verifice	18516
sex	18508
descrie	18505
strada	18495
înscrisă	18490
circulația	18489
ușoară	18469
unitar	18467
operare	18467
înțeleg	18461
ui	18459
mamă	18455
ceară	18450
localități	18445
departamentul	18444
execuția	18427
stele	18419
sodiu	18414
spitale	18409
disciplinară	18403
arta	18400
preluarea	18397
bilanțului	18389
major	18386
opere	18384
turismului	18372
continuu	18370
entitățile	18369
ședințele	18357
note	18357
furnizeze	18357
întocmi	18348
evita	18338
litere	18333
accesorii	18315
evaluează	18309
salariilor	18307
asigurații	18301
minerale	18297
contrar	18295
forțele	18284
consultații	18279
vacante	18278
principiului	18274
interpretare	18270
comparativ	18269
complex	18267
existe	18266
probei	18260
web	18258
conformității	18257
diabet	18255
mișcarea	18246
asemănătoare	18240
sport	18234
despăgubiri	18229
legislative	18227
alegeri	18227
informație	18216
introduc	18209
comunitatea	18209
ceaușescu	18195
semnată	18195
dispozitiv	18194
sud	18192
semnificativă	18186
circumscripție	18184
principalele	18172
textele	18160
biologice	18159
rapidă	18158
proprietarul	18149
asociată	18142
deducere	18135
purta	18131
lungi	18127
faptelor	18118
teoria	18113
spațiile	18104
parteneriat	18101
interzicerea	18099
împiedică	18098
fostul	18088
intre	18088
hotărăște	18085
suspendă	18083
sc	18080
satului	18068
rate	18066
liviu	18063
descrise	18059
conduc	18059
constituire	18055
neagră	18053
concrete	18052
depozitarea	18039
ofertelor	18036
importanța	18030
francez	18030
ședere	18025
noile	18025
apară	18021
deținut	18009
frecvență	17996
concesiune	17988
conținând	17987
așezat	17987
spania	17980
specialitatea	17978
nucleare	17960
universal	17948
structurale	17946
săvârșirea	17945
respectate	17940
apărea	17937
spui	17918
factor	17910
ajută	17904
profesorul	17900
noii	17894
utilizând	17890
convenției	17876
aplicabilă	17874
obiectelor	17873
farmaceutice	17867
totdeauna	17860
roșii	17858
confirmă	17843
materii	17839
prins	17828
xii	17824
semnate	17818
preia	17816
viteză	17816
românii	17814
precizat	17809
dor	17781
voie	17777
tipurile	17771
interioare	17768
gravă	17766
trecute	17762
asumate	17762
bazei	17760
buni	17756
filme	17755
ființă	17749
ulterioară	17738
apropie	17734
refuzul	17732
rar	17724
reabilitare	17721
mijlocii	17720
autorizării	17718
efort	17717
cerul	17716
contestației	17710
judecătoresc	17704
reglementat	17703
prieten	17691
ajuta	17690
modernă	17687
participării	17686
intelectuală	17677
pedeapsă	17672
zaharat	17663
luând	17660
voce	17656
calificat	17649
probele	17648
gol	17642
acționar	17642
comercializarea	17641
diferită	17640
raportează	17637
exercitare	17636
repartizarea	17632
semnul	17631
oradea	17624
îndeplinită	17623
acreditate	17615
prezență	17615
cantitate	17609
condusă	17607
pește	17607
condamnat	17602
publicul	17600
pământul	17588
intracomunitare	17587
informarea	17586
transmisă	17586
abroga	17586
eligibilitate	17583
activele	17581
salarizare	17576
cunoștințelor	17575
devreme	17574
țărilor	17568
concediu	17558
factura	17556
adăugat	17555
obțină	17552
funcționari	17549
acelui	17544
particulare	17540
treacă	17536
poetul	17533
retragere	17533
marile	17524
agricolă	17520
ba	17517
tema	17515
gândit	17511
respingere	17509
parlamentare	17508
învățat	17504
centrului	17500
rare	17499
îndeplini	17496
operații	17496
principiilor	17494
procurorii	17493
clasele	17491
semnării	17489
viu	17486
intervenții	17485
amănuntul	17482
nevoia	17477
preluat	17476
marian	17473
dunării	17470
efective	17466
procedează	17462
declarată	17459
spectacol	17455
scoase	17453
tv	17452
eficient	17449
datoriilor	17449
albastru	17446
decurg	17444
antonescu	17443
județeană	17442
atribuirea	17433
eficiente	17427
înființate	17427
compr	17424
fier	17421
schimbări	17420
cadrului	17413
subvenții	17409
sediului	17408
implicat	17408
obiectivului	17408
comunităților	17393
atribuit	17391
mărfurile	17387
noului	17381
judecătorii	17365
vânătoare	17364
cabinetului	17364
angajează	17341
diferitelor	17323
acelei	17314
hiv	17313
unite	17309
compus	17302
marfă	17295
orașe	17295
coordonator	17291
notele	17289
motor	17287
ușă	17286
lt	17283
favorabile	17281
decret	17281
suplimentară	17273
riscuri	17272
încălzire	17264
interzice	17262
sarcinilor	17259
știm	17255
restante	17241
dezvoltă	17241
temporare	17239
motivul	17238
comisii	17227
crea	17225
anulare	17224
păsări	17223
solicitare	17222
pachetul	17220
matei	17218
continue	17217
curentă	17214
încep	17201
rubrica	17196
utilizeze	17190
strategia	17187
noilor	17183
dozei	17181
cursurile	17179
întreagă	17174
ofertă	17160
subiectul	17157
obligație	17152
situată	17149
elaborat	17144
dci	17137
facturii	17127
învățare	17109
asociațiilor	17105
investiției	17094
nevoile	17091
operațiune	17089
asociația	17086
autorizațiilor	17083
instituire	17074
construirea	17060
contractare	17054
enumerate	17052
întoarce	17044
expuse	17043
aspectul	17042
nașterii	17033
procese	17026
textului	17023
pozitive	17022
titlurile	17006
profund	17004
teza	16998
realizeze	16994
căzut	16991
fratele	16987
impozitelor	16987
poștă	16976
urmări	16965
reflectă	16960
închise	16960
formularului	16958
inițiativa	16953
simte	16936
ediție	16930
aeriene	16928
informat	16927
judecători	16926
utilizați	16918
pronunțat	16912
bugetară	16905
practici	16903
exprima	16885
riscurile	16883
studenți	16875
ajutat	16875
deplin	16869
fine	16853
combustibil	16851
următorii	16845
adopta	16843
notifică	16835
pleacă	16829
gaz	16817
alimente	16817
roma	16816
constatarea	16814
urmată	16813
strategii	16807
aurel	16806
interioară	16802
sarcină	16792
deosebit	16790
economia	16787
scoate	16780
plăcere	16775
componentă	16754
tranzacționare	16751
contribuțiilor	16749
evrei	16748
dinspre	16742
executoriu	16739
anre	16739
declarațiile	16737
multiple	16734
manieră	16733
reședință	16731
numite	16724
cunoașterii	16723
intervenția	16719
plătită	16713
inspecției	16711
fata	16709
port	16702
guvern	16701
pază	16696
bancar	16694
dovezi	16693
datoria	16689
manifestări	16663
vânzării	16653
reprezenta	16648
căilor	16647
participanților	16646
destinată	16641
repararea	16640
dobânzile	16640
conservarea	16638
concomitent	16637
culturi	16635
neîntemeiată	16634
iarnă	16631
clienți	16621
secretariatul	16618
deschidere	16602
cadrelor	16595
îndoială	16586
acceptă	16583
indicarea	16578
poveste	16577
entitatea	16576
scrisori	16570
încadrate	16569
transferate	16568
expresie	16565
regele	16563
evaluate	16561
acreditare	16560
acoperite	16555
mecanic	16541
întâlnit	16541
deplină	16538
inclus	16537
oprit	16537
femeilor	16536
grupurilor	16528
eventual	16521
raportat	16521
avute	16520
plastic	16517
ducă	16510
rezerve	16504
dotarea	16503
finele	16497
respingerea	16489
drumurile	16489
patrimonial	16488
începerii	16481
severă	16478
traficului	16476
fapta	16476
verzi	16473
echipă	16472
încet	16460
press	16457
secțiile	16443
german	16439
partidul	16438
pacientul	16437
istorică	16428
conservare	16422
atitudine	16421
primii	16421
intenționează	16417
profesia	16405
minori	16402
evenimentele	16386
înlocuit	16384
jocuri	16377
volume	16376
industriei	16370
tradiționale	16363
actuală	16362
ferată	16359
indicate	16359
trimestrului	16354
extraordinare	16353
licitației	16340
instrumentele	16339
fenomen	16333
asigurările	16330
interesați	16330
atins	16329
avizare	16328
furniza	16328
formular	16328
nopții	16324
stagiu	16315
doctorat	16305
vicepreședinte	16297
brusc	16295
suspendării	16295
păstrat	16291
academiei	16289
întreprinderile	16285
unu	16285
cult	16283
clădirii	16281
menționa	16271
echipamentele	16266
invocă	16266
contribuabilii	16264
limite	16246
chipul	16242
oferte	16242
creanțele	16220
lipsit	16218
știut	16213
echilibru	16202
afecta	16199
păstreze	16199
spitalele	16199
părul	16192
școlară	16191
încercări	16187
asociați	16187
comportamentul	16185
băuturi	16185
împrumutatul	16172
respecta	16170
fată	16166
formelor	16162
brute	16160
încalcă	16159
operatori	16158
sunteți	16155
evenimentelor	16140
domnule	16138
tata	16135
componența	16133
echivalente	16127
elibera	16127
instrucțiunile	16125
indemnizație	16115
pronunțate	16114
accepta	16114
ieșirea	16111
încadrat	16111
încadrare	16109
genul	16108
bucăți	16104
echipei	16103
încetat	16098
dragostea	16097
grea	16079
imobilizărilor	16068
pagină	16067
marele	16066
alternative	16052
standarde	16050
creditor	16043
făceau	16037
ridicarea	16036
puternice	16032
retrage	16031
romanul	16024
rural	16024
condiție	16022
rezultată	16014
polonia	16011
artistic	16006
dosarele	16002
doctor	15991
aerul	15984
fază	15983
provizoriu	15982
valabilitatea	15972
extinderea	15968
săptămânii	15961
dai	15960
sute	15955
personaj	15955
punerii	15946
acoperire	15945
clasamente	15938
puteri	15931
sportiv	15924
locuință	15923
utilizatorilor	15921
desemnată	15920
clădire	15914
îndeplinit	15913
controlate	15912
utilizator	15899
folosească	15898
ședinței	15891
zonelor	15888
operei	15887
judecății	15874
apelul	15869
altei	15869
apropierea	15864
instituirea	15862
scară	15861
ferate	15861
comunicată	15861
popor	15858
materialul	15850
timbru	15845
formei	15835
test	15835
consiliu	15834
convins	15833
absolută	15829
apropiere	15823
corespund	15822
bogdan	15816
greutatea	15813
încerca	15808
aștepta	15806
actuale	15805
împrejurări	15796
originea	15786
traducere	15777
venea	15769
vizibil	15767
frumoase	15766
plăcut	15762
așteptat	15756
modalități	15749
terapie	15747
execuției	15742
permanență	15741
sufletului	15740
inimă	15737
teamă	15732
rânduri	15727
set	15727
muzica	15725
religioasă	15717
trimestru	15712
respectiva	15708
albe	15708
spitalelor	15695
anticorupție	15691
tranzacții	15689
identificat	15686
tutun	15679
dialog	15678
moral	15676
textile	15674
devenind	15673
fundamentală	15672
voința	15671
concluzii	15671
valea	15669
teodor	15669
bulgaria	15667
participanți	15664
profesori	15653
citește	15652
recunoscută	15648
fete	15643
diferență	15638
dentiști	15637
recomandate	15636
propunerile	15634
evoluției	15634
diminuarea	15612
amestec	15611
university	15611
tehnica	15606
stimularea	15606
excepționale	15604
artei	15598
etapa	15594
planurilor	15583
merg	15580
proprietarului	15579
anticipate	15578
operațiunii	15577
vocea	15564
munte	15563
prealabile	15563
filmul	15562
duratei	15558
clădirilor	15555
guvernamentale	15549
frică	15549
diplomă	15543
marilor	15539
bilet	15534
educația	15533
america	15519
originale	15510
altui	15505
administratorului	15504
petrecut	15502
operațiunea	15500
generate	15498
trăiește	15492
tatălui	15490
nerespectării	15476
iso	15473
poliției	15466
forțelor	15464
fire	15461
duminică	15457
mașina	15453
putând	15448
insolvență	15441
beneficiat	15439
construcției	15431
întregului	15430
gabriel	15423
dezvoltat	15418
regelui	15415
minorităților	15405
descriere	15400
schimbul	15393
altora	15392
salariați	15391
consolidat	15387
clasei	15386
indemnizația	15384
poziției	15376
robert	15369
transplant	15368
contribuțiile	15364
critice	15357
vândute	15357
onoare	15349
tarifului	15346
terminat	15346
paliative	15346
strâns	15345
mijlocul	15339
scădere	15330
originalul	15329
clientului	15327
reduse	15326
privire	15318
intervine	15308
suficientă	15303
decenii	15296
factorii	15294
profitului	15293
acute	15276
distribuirea	15275
frontierei	15273
faptă	15266
mandatul	15255
călători	15252
corecte	15245
client	15237
complementare	15236
operă	15235
serios	15235
esențial	15232
înțelegerea	15231
jucat	15225
notificat	15195
scriitori	15193
respinge	15191
sprijină	15191
confirmare	15186
livrate	15178
inferioară	15177
impresia	15165
regia	15157
reprezentative	15155
china	15154
actualizarea	15151
spectacole	15150
națiunilor	15149
sorin	15147
contribuabililor	15145
căutarea	15145
conștiința	15143
legături	15142
ulei	15137
mâine	15118
compartimentul	15117
pregătit	15116
muzicale	15103
forestiere	15100
operează	15099
bis	15099
detaliate	15095
dădea	15095
acceptate	15082
acelea	15082
existență	15079
ieși	15071
estimată	15071
turistice	15070
derulare	15069
păstrare	15066
scoaterea	15064
schimba	15061
regiune	15060
senat	15060
luați	15056
secretariatului	15054
vehiculele	15053
propunerilor	15051
orală	15048
ierarhic	15047
atingerea	15045
stilul	15045
intenție	15041
ron	15040
alocat	15033
spiritului	15033
presiunea	15029
uzate	15028
creditorilor	15021
raionul	15015
regatul	15003
transportate	14999
transmiterii	14995
recepție	14991
vineri	14990
colectarea	14971
bolnavii	14969
inspectoratului	14969
ofere	14967
justifică	14965
atent	14965
întrebare	14954
figurează	14952
confirmarea	14950
gânduri	14948
cooperarea	14936
privi	14934
căldură	14925
anexe	14919
marca	14917
contribuabil	14910
energetic	14908
sectoarelor	14903
niveluri	14901
autorizează	14898
acordurilor	14888
soluționării	14882
opțiunea	14881
crezut	14879
consecințele	14866
respect	14861
motivarea	14858
secțiilor	14850
formulată	14849
plătesc	14844
gândesc	14844
armata	14843
citat	14840
piată	14826
înființare	14822
mențiuni	14822
ajutoare	14822
pași	14821
licențe	14801
limbaj	14796
femeii	14791
tinerilor	14780
bazate	14777
crăciun	14777
evidențiază	14771
finalul	14761
tinerii	14760
terapeutic	14759
fiecăruia	14758
cadre	14757
util	14750
marius	14749
droguri	14740
tranzitorii	14738
auzi	14732
întregi	14725
presa	14720
procesele	14717
invocate	14711
înființat	14709
credința	14704
independentă	14702
ovidiu	14701
descris	14695
cauzelor	14673
creditului	14667
globală	14665
afiliate	14658
centrelor	14650
majorității	14649
scurte	14641
vegetale	14636
impozitare	14633
funcționa	14626
producătorului	14626
materială	14619
netă	14617
animal	14615
absolvire	14597
clauze	14596
imposibil	14596
cnp	14592
similară	14587
regiuni	14586
deținătorul	14583
uite	14583
responsabilitate	14568
tensiune	14566
scadență	14564
singure	14563
certificatele	14562
distrugerea	14554
oricând	14554
bazată	14553
emitent	14552
drumurilor	14550
cristina	14546
apartament	14542
secțiunii	14540
personaje	14538
publicații	14532
interviu	14532
cumulativ	14530
silite	14525
imobilul	14525
sesizată	14525
frunze	14516
adresată	14511
bord	14511
baze	14509
imobilizări	14508
sare	14507
abordare	14504
rambursarea	14503
silvic	14502
achiziția	14501
libertăților	14499
împuternicit	14494
partide	14493
creație	14492
decontate	14484
formularelor	14482
ploiești	14481
asigurați	14481
brăila	14477
semnarea	14476
documentare	14472
sarcinile	14472
douăzeci	14469
datoriei	14464
pădure	14461
consiliere	14459
cîteva	14458
parchetelor	14455
nominal	14445
cercetător	14442
eficienței	14435
cauzate	14435
pline	14428
adiționale	14419
cabinetele	14419
drumului	14417
scrisoarea	14414
preventiv	14411
flux	14409
locurilor	14407
tren	14403
acordurile	14403
demonstrat	14399
simultan	14392
dobândit	14391
raporturilor	14390
esență	14390
proporție	14387
știam	14385
trăi	14378
nc	14373
obiectele	14370
epoca	14369
tarife	14362
transferului	14362
anunță	14361
cotei	14360
studiului	14348
fixă	14344
consecințe	14341
războiul	14338
liceu	14328
revocarea	14320
stânga	14318
primită	14317
feroviare	14315
slab	14314
depozite	14304
scena	14303
regională	14302
simptome	14301
asociațiile	14294
producere	14291
localității	14287
religie	14287
șefului	14285
completat	14281
amintesc	14274
protejarea	14272
șanse	14271
specializat	14267
denumire	14266
parcurs	14265
făcuse	14265
prevăd	14262
roșie	14259
sesizat	14257
independența	14252
canalizare	14251
brațe	14245
procentul	14244
cabinete	14242
armatei	14241
substanțele	14235
actualizează	14229
clasificarea	14228
bancară	14221
provenind	14214
părăsit	14213
partidelor	14209
statistică	14205
pavel	14197
împrumuturilor	14193
terț	14191
evoluție	14189
companiei	14184
ajustarea	14182
fim	14178
oricum	14175
deces	14174
producătorul	14172
guvernare	14168
studenților	14166
subordine	14160
diagnosticul	14157
clară	14150
locuința	14150
tras	14142
atribuie	14138
forțe	14138
libertăți	14134
dentist	14133
implicit	14129
ultimei	14126
dispozitivului	14123
reprezentate	14121
sursa	14117
compartimente	14116
artistică	14115
producătorilor	14112
vârstei	14107
atribuite	14094
opri	14093
pui	14090
împrumutului	14090
interesat	14089
planificare	14086
manager	14086
jocul	14084
spațiilor	14076
modificărilor	14071
depășit	14067
gestionează	14065
judecătorului	14063
verificări	14061
proceselor	14056
semințe	14053
țintă	14041
incendiilor	14040
răspundă	14037
teoretice	14034
promovează	14033
stări	14026
înalte	14020
primelor	14018
volumului	14015
proiectarea	14012
dispărut	14012
dificultăți	14009
ideile	14003
termenelor	13996
posturile	13988
impus	13983
formate	13982
misiune	13981
spirituală	13980
respins	13970
respectivele	13967
identifică	13967
invitat	13960
proprietăți	13958
tehnologii	13958
judecătoria	13952
vizită	13946
fals	13942
ioana	13940
investițiile	13937
armelor	13934
reorganizarea	13933
treptat	13933
inițierea	13932
prelungirea	13931
criteriu	13925
soț	13925
aderare	13925
metodologie	13924
majorarea	13921
compartimentele	13918
implicați	13918
caragiale	13915
ultimă	13915
liste	13903
greșit	13901
forestier	13900
eventualele	13897
navă	13897
întrebarea	13896
transformarea	13896
piept	13893
completată	13891
grecia	13890
parlament	13886
valorificare	13877
aplicabil	13872
mihaela	13869
inferior	13866
create	13863
chimică	13863
deputat	13857
cifre	13856
dulce	13856
companii	13855
dimensiunea	13850
iorga	13849
von	13848
dosarelor	13847
țesuturi	13846
iosif	13840
importate	13826
asiguratul	13824
iulia	13824
producătorii	13819
moscova	13817
armată	13817
dotare	13810
admite	13806
ședințe	13803
fericire	13799
piețe	13795
ocupa	13787
inculpatul	13786
mesaj	13782
barbu	13774
it	13773
alcătuit	13773
subpct	13768
derulate	13767
compartimentului	13766
hrană	13759
deprecierea	13754
exercite	13749
profitul	13743
supun	13740
vest	13734
formulă	13732
păi	13731
integrare	13726
caldă	13722
memoria	13721
citarea	13708
cafea	13707
secrete	13707
funcționar	13706
pragul	13702
cald	13700
listei	13699
modern	13697
punctelor	13696
personalități	13696
revenit	13694
lacrimi	13691
împlinit	13684
încît	13677
specialitățile	13676
achizițiile	13671
reasigurare	13667
puteți	13667
grija	13665
dispună	13658
celuilalt	13652
metodelor	13649
firesc	13646
aparat	13646
adresă	13641
is	13630
bucură	13624
angajaților	13623
